<?xml version="1.0" encoding="UTF-8"?>
<questestinterop xmlns="http://www.imsglobal.org/xsd/ims_qtiasiv1p2" xmlns:xsi="http://www.w3.org/2001/XMLSchema-instance" xsi:schemaLocation="http://www.imsglobal.org/xsd/ims_qtiasiv1p2 http://www.imsglobal.org/xsd/ims_qtiasiv1p2p1.xsd">
  <assessment ident="lesson_06_strings_assignment" title="Lesson 06: Strings - Assignment Quiz">
    <qtimetadata>
      <qtimetadatafield>
        <fieldlabel>cc_maxattempts</fieldlabel>
        <fieldentry>3</fieldentry>
      </qtimetadatafield>
      <qtimetadatafield>
        <fieldlabel>qmd_timelimit</fieldlabel>
        <fieldentry>900</fieldentry>
      </qtimetadatafield>
    </qtimetadata>
    <section ident="root_section">
      
      <!-- Question 1: String Method Output -->
      <item ident="q1" title="Question 1">
        <itemmetadata>
          <qtimetadata>
            <qtimetadatafield>
              <fieldlabel>question_type</fieldlabel>
              <fieldentry>multiple_choice_question</fieldentry>
            </qtimetadatafield>
            <qtimetadatafield>
              <fieldlabel>points_possible</fieldlabel>
              <fieldentry>10</fieldentry>
            </qtimetadatafield>
          </qtimetadata>
        </itemmetadata>
        <presentation>
          <material>
            <mattext texttype="text/html">&lt;p&gt;What does this code print?&lt;/p&gt;
&lt;pre&gt;name = "python"
print(name.upper())&lt;/pre&gt;</mattext>
          </material>
          <response_lid ident="response1" rcardinality="Single">
            <render_choice>
              <response_label ident="a">
                <material>
                  <mattext>PYTHON</mattext>
                </material>
              </response_label>
              <response_label ident="b">
                <material>
                  <mattext>python</mattext>
                </material>
              </response_label>
              <response_label ident="c">
                <material>
                  <mattext>Python</mattext>
                </material>
              </response_label>
              <response_label ident="d">
                <material>
                  <mattext>pYTHON</mattext>
                </material>
              </response_label>
            </render_choice>
          </response_lid>
        </presentation>
        <resprocessing>
          <outcomes>
            <decvar maxvalue="100" minvalue="0" varname="SCORE" vartype="Decimal"/>
          </outcomes>
          <respcondition continue="No">
            <conditionvar>
              <varequal respident="response1">a</varequal>
            </conditionvar>
            <setvar action="Set" varname="SCORE">100</setvar>
          </respcondition>
        </resprocessing>
      </item>

      <!-- Question 2: Slicing Output -->
      <item ident="q2" title="Question 2">
        <itemmetadata>
          <qtimetadata>
            <qtimetadatafield>
              <fieldlabel>question_type</fieldlabel>
              <fieldentry>multiple_choice_question</fieldentry>
            </qtimetadatafield>
            <qtimetadatafield>
              <fieldlabel>points_possible</fieldlabel>
              <fieldentry>10</fieldentry>
            </qtimetadatafield>
          </qtimetadata>
        </itemmetadata>
        <presentation>
          <material>
            <mattext texttype="text/html">&lt;p&gt;What does this code print?&lt;/p&gt;
&lt;pre&gt;team = "FOOTBALL"
print(team[4:8])&lt;/pre&gt;</mattext>
          </material>
          <response_lid ident="response1" rcardinality="Single">
            <render_choice>
              <response_label ident="a">
                <material>
                  <mattext>BALL</mattext>
                </material>
              </response_label>
              <response_label ident="b">
                <material>
                  <mattext>FOOT</mattext>
                </material>
              </response_label>
              <response_label ident="c">
                <material>
                  <mattext>OTBA</mattext>
                </material>
              </response_label>
              <response_label ident="d">
                <material>
                  <mattext>TBAL</mattext>
                </material>
              </response_label>
            </render_choice>
          </response_lid>
        </presentation>
        <resprocessing>
          <outcomes>
            <decvar maxvalue="100" minvalue="0" varname="SCORE" vartype="Decimal"/>
          </outcomes>
          <respcondition continue="No">
            <conditionvar>
              <varequal respident="response1">a</varequal>
            </conditionvar>
            <setvar action="Set" varname="SCORE">100</setvar>
          </respcondition>
        </resprocessing>
      </item>

      <!-- Question 3: Negative Indexing -->
      <item ident="q3" title="Question 3">
        <itemmetadata>
          <qtimetadata>
            <qtimetadatafield>
              <fieldlabel>question_type</fieldlabel>
              <fieldentry>multiple_choice_question</fieldentry>
            </qtimetadatafield>
            <qtimetadatafield>
              <fieldlabel>points_possible</fieldlabel>
              <fieldentry>10</fieldentry>
            </qtimetadatafield>
          </qtimetadata>
        </itemmetadata>
        <presentation>
          <material>
            <mattext texttype="text/html">&lt;p&gt;What does this code print?&lt;/p&gt;
&lt;pre&gt;word = "TOUCHDOWN"
print(word[-3])&lt;/pre&gt;</mattext>
          </material>
          <response_lid ident="response1" rcardinality="Single">
            <render_choice>
              <response_label ident="a">
                <material>
                  <mattext>W</mattext>
                </material>
              </response_label>
              <response_label ident="b">
                <material>
                  <mattext>O</mattext>
                </material>
              </response_label>
              <response_label ident="c">
                <material>
                  <mattext>D</mattext>
                </material>
              </response_label>
              <response_label ident="d">
                <material>
                  <mattext>N</mattext>
                </material>
              </response_label>
            </render_choice>
          </response_lid>
        </presentation>
        <resprocessing>
          <outcomes>
            <decvar maxvalue="100" minvalue="0" varname="SCORE" vartype="Decimal"/>
          </outcomes>
          <respcondition continue="No">
            <conditionvar>
              <varequal respident="response1">a</varequal>
            </conditionvar>
            <setvar action="Set" varname="SCORE">100</setvar>
          </respcondition>
        </resprocessing>
      </item>

      <!-- Question 4: First Character -->
      <item ident="q4" title="Question 4">
        <itemmetadata>
          <qtimetadata>
            <qtimetadatafield>
              <fieldlabel>question_type</fieldlabel>
              <fieldentry>multiple_choice_question</fieldentry>
            </qtimetadatafield>
            <qtimetadatafield>
              <fieldlabel>points_possible</fieldlabel>
              <fieldentry>10</fieldentry>
            </qtimetadatafield>
          </qtimetadata>
        </itemmetadata>
        <presentation>
          <material>
            <mattext texttype="text/html">&lt;p&gt;What does this code print?&lt;/p&gt;
&lt;pre&gt;course = "Python"
print(course[0])&lt;/pre&gt;</mattext>
          </material>
          <response_lid ident="response1" rcardinality="Single">
            <render_choice>
              <response_label ident="a">
                <material>
                  <mattext>P</mattext>
                </material>
              </response_label>
              <response_label ident="b">
                <material>
                  <mattext>y</mattext>
                </material>
              </response_label>
              <response_label ident="c">
                <material>
                  <mattext>Python</mattext>
                </material>
              </response_label>
              <response_label ident="d">
                <material>
                  <mattext>n</mattext>
                </material>
              </response_label>
            </render_choice>
          </response_lid>
        </presentation>
        <resprocessing>
          <outcomes>
            <decvar maxvalue="100" minvalue="0" varname="SCORE" vartype="Decimal"/>
          </outcomes>
          <respcondition continue="No">
            <conditionvar>
              <varequal respident="response1">a</varequal>
            </conditionvar>
            <setvar action="Set" varname="SCORE">100</setvar>
          </respcondition>
        </resprocessing>
      </item>

      <!-- Question 5: IndexError -->
      <item ident="q5" title="Question 5">
        <itemmetadata>
          <qtimetadata>
            <qtimetadatafield>
              <fieldlabel>question_type</fieldlabel>
              <fieldentry>multiple_choice_question</fieldentry>
            </qtimetadatafield>
            <qtimetadatafield>
              <fieldlabel>points_possible</fieldlabel>
              <fieldentry>10</fieldentry>
            </qtimetadatafield>
          </qtimetadata>
        </itemmetadata>
        <presentation>
          <material>
            <mattext texttype="text/html">&lt;p&gt;What happens when this code runs?&lt;/p&gt;
&lt;pre&gt;name = "Tom"
print(name[10])&lt;/pre&gt;</mattext>
          </material>
          <response_lid ident="response1" rcardinality="Single">
            <render_choice>
              <response_label ident="a">
                <material>
                  <mattext>IndexError: string index out of range</mattext>
                </material>
              </response_label>
              <response_label ident="b">
                <material>
                  <mattext>Prints an empty string</mattext>
                </material>
              </response_label>
              <response_label ident="c">
                <material>
                  <mattext>Prints None</mattext>
                </material>
              </response_label>
              <response_label ident="d">
                <material>
                  <mattext>Prints the last character</mattext>
                </material>
              </response_label>
            </render_choice>
          </response_lid>
        </presentation>
        <resprocessing>
          <outcomes>
            <decvar maxvalue="100" minvalue="0" varname="SCORE" vartype="Decimal"/>
          </outcomes>
          <respcondition continue="No">
            <conditionvar>
              <varequal respident="response1">a</varequal>
            </conditionvar>
            <setvar action="Set" varname="SCORE">100</setvar>
          </respcondition>
        </resprocessing>
      </item>

      <!-- Question 6: F-string Output -->
      <item ident="q6" title="Question 6">
        <itemmetadata>
          <qtimetadata>
            <qtimetadatafield>
              <fieldlabel>question_type</fieldlabel>
              <fieldentry>multiple_choice_question</fieldentry>
            </qtimetadatafield>
            <qtimetadatafield>
              <fieldlabel>points_possible</fieldlabel>
              <fieldentry>10</fieldentry>
            </qtimetadatafield>
          </qtimetadata>
        </itemmetadata>
        <presentation>
          <material>
            <mattext texttype="text/html">&lt;p&gt;What does this code print?&lt;/p&gt;
&lt;pre&gt;player = "Brady"
number = 12
message = f"#{number}: {player}"
print(message)&lt;/pre&gt;</mattext>
          </material>
          <response_lid ident="response1" rcardinality="Single">
            <render_choice>
              <response_label ident="a">
                <material>
                  <mattext>#12: Brady</mattext>
                </material>
              </response_label>
              <response_label ident="b">
                <material>
                  <mattext>#{number}: {player}</mattext>
                </material>
              </response_label>
              <response_label ident="c">
                <material>
                  <mattext>Brady: 12</mattext>
                </material>
              </response_label>
              <response_label ident="d">
                <material>
                  <mattext>#Brady: 12</mattext>
                </material>
              </response_label>
            </render_choice>
          </response_lid>
        </presentation>
        <resprocessing>
          <outcomes>
            <decvar maxvalue="100" minvalue="0" varname="SCORE" vartype="Decimal"/>
          </outcomes>
          <respcondition continue="No">
            <conditionvar>
              <varequal respident="response1">a</varequal>
            </conditionvar>
            <setvar action="Set" varname="SCORE">100</setvar>
          </respcondition>
        </resprocessing>
      </item>

      <!-- Question 7: Slice with Defaults -->
      <item ident="q7" title="Question 7">
        <itemmetadata>
          <qtimetadata>
            <qtimetadatafield>
              <fieldlabel>question_type</fieldlabel>
              <fieldentry>multiple_choice_question</fieldentry>
            </qtimetadatafield>
            <qtimetadatafield>
              <fieldlabel>points_possible</fieldlabel>
              <fieldentry>10</fieldentry>
            </qtimetadatafield>
          </qtimetadata>
        </itemmetadata>
        <presentation>
          <material>
            <mattext texttype="text/html">&lt;p&gt;What does this code print?&lt;/p&gt;
&lt;pre&gt;sport = "BASKETBALL"
print(sport[:6])&lt;/pre&gt;</mattext>
          </material>
          <response_lid ident="response1" rcardinality="Single">
            <render_choice>
              <response_label ident="a">
                <material>
                  <mattext>BASKET</mattext>
                </material>
              </response_label>
              <response_label ident="b">
                <material>
                  <mattext>BASKETBALL</mattext>
                </material>
              </response_label>
              <response_label ident="c">
                <material>
                  <mattext>BALL</mattext>
                </material>
              </response_label>
              <response_label ident="d">
                <material>
                  <mattext>BASKETB</mattext>
                </material>
              </response_label>
            </render_choice>
          </response_lid>
        </presentation>
        <resprocessing>
          <outcomes>
            <decvar maxvalue="100" minvalue="0" varname="SCORE" vartype="Decimal"/>
          </outcomes>
          <respcondition continue="No">
            <conditionvar>
              <varequal respident="response1">a</varequal>
            </conditionvar>
            <setvar action="Set" varname="SCORE">100</setvar>
          </respcondition>
        </resprocessing>
      </item>

      <!-- Question 8: Player Name Extraction -->
      <item ident="q8" title="Question 8">
        <itemmetadata>
          <qtimetadata>
            <qtimetadatafield>
              <fieldlabel>question_type</fieldlabel>
              <fieldentry>multiple_choice_question</fieldentry>
            </qtimetadatafield>
            <qtimetadatafield>
              <fieldlabel>points_possible</fieldlabel>
              <fieldentry>10</fieldentry>
            </qtimetadatafield>
          </qtimetadata>
        </itemmetadata>
        <presentation>
          <material>
            <mattext texttype="text/html">&lt;p&gt;You need to extract "Jordan" from the full name "Michael Jordan". Which slicing will work if you know "Jordan" starts at index 8?&lt;/p&gt;</mattext>
          </material>
          <response_lid ident="response1" rcardinality="Single">
            <render_choice>
              <response_label ident="a">
                <material>
                  <mattext>name[8:]</mattext>
                </material>
              </response_label>
              <response_label ident="b">
                <material>
                  <mattext>name[:8]</mattext>
                </material>
              </response_label>
              <response_label ident="c">
                <material>
                  <mattext>name[7:]</mattext>
                </material>
              </response_label>
              <response_label ident="d">
                <material>
                  <mattext>name[-8:]</mattext>
                </material>
              </response_label>
            </render_choice>
          </response_lid>
        </presentation>
        <resprocessing>
          <outcomes>
            <decvar maxvalue="100" minvalue="0" varname="SCORE" vartype="Decimal"/>
          </outcomes>
          <respcondition continue="No">
            <conditionvar>
              <varequal respident="response1">a</varequal>
            </conditionvar>
            <setvar action="Set" varname="SCORE">100</setvar>
          </respcondition>
        </resprocessing>
      </item>

      <!-- Question 9: Immutability Error -->
      <item ident="q9" title="Question 9">
        <itemmetadata>
          <qtimetadata>
            <qtimetadatafield>
              <fieldlabel>question_type</fieldlabel>
              <fieldentry>multiple_choice_question</fieldentry>
            </qtimetadatafield>
            <qtimetadatafield>
              <fieldlabel>points_possible</fieldlabel>
              <fieldentry>10</fieldentry>
            </qtimetadatafield>
          </qtimetadata>
        </itemmetadata>
        <presentation>
          <material>
            <mattext texttype="text/html">&lt;p&gt;This code has an error. What's the correct way to capitalize the first letter of "john" to "John"?&lt;/p&gt;
&lt;pre&gt;name = "john"
name[0] = "J"  # Error!&lt;/pre&gt;</mattext>
          </material>
          <response_lid ident="response1" rcardinality="Single">
            <render_choice>
              <response_label ident="a">
                <material>
                  <mattext>name = "J" + name[1:]</mattext>
                </material>
              </response_label>
              <response_label ident="b">
                <material>
                  <mattext>name[0] = name[0].upper()</mattext>
                </material>
              </response_label>
              <response_label ident="c">
                <material>
                  <mattext>name.replace(0, "J")</mattext>
                </material>
              </response_label>
              <response_label ident="d">
                <material>
                  <mattext>name.change(0, "J")</mattext>
                </material>
              </response_label>
            </render_choice>
          </response_lid>
        </presentation>
        <resprocessing>
          <outcomes>
            <decvar maxvalue="100" minvalue="0" varname="SCORE" vartype="Decimal"/>
          </outcomes>
          <respcondition continue="No">
            <conditionvar>
              <varequal respident="response1">a</varequal>
            </conditionvar>
            <setvar action="Set" varname="SCORE">100</setvar>
          </respcondition>
        </resprocessing>
      </item>

      <!-- Question 10: Find Method -->
      <item ident="q10" title="Question 10">
        <itemmetadata>
          <qtimetadata>
            <qtimetadatafield>
              <fieldlabel>question_type</fieldlabel>
              <fieldentry>multiple_choice_question</fieldentry>
            </qtimetadatafield>
            <qtimetadatafield>
              <fieldlabel>points_possible</fieldlabel>
              <fieldentry>10</fieldentry>
            </qtimetadatafield>
          </qtimetadata>
        </itemmetadata>
        <presentation>
          <material>
            <mattext texttype="text/html">&lt;p&gt;What does this code print?&lt;/p&gt;
&lt;pre&gt;message = "Python Programming"
print(message.find("Pro"))&lt;/pre&gt;</mattext>
          </material>
          <response_lid ident="response1" rcardinality="Single">
            <render_choice>
              <response_label ident="a">
                <material>
                  <mattext>7</mattext>
                </material>
              </response_label>
              <response_label ident="b">
                <material>
                  <mattext>6</mattext>
                </material>
              </response_label>
              <response_label ident="c">
                <material>
                  <mattext>Programming</mattext>
                </material>
              </response_label>
              <response_label ident="d">
                <material>
                  <mattext>-1</mattext>
                </material>
              </response_label>
            </render_choice>
          </response_lid>
        </presentation>
        <resprocessing>
          <outcomes>
            <decvar maxvalue="100" minvalue="0" varname="SCORE" vartype="Decimal"/>
          </outcomes>
          <respcondition continue="No">
            <conditionvar>
              <varequal respident="response1">a</varequal>
            </conditionvar>
            <setvar action="Set" varname="SCORE">100</setvar>
          </respcondition>
        </resprocessing>
      </item>

    </section>
  </assessment>
</questestinterop>
