<?xml version="1.0" encoding="UTF-8"?>
<quiz title="Lesson 07 - Formatted Strings Assignment Quiz">
  <question>
    <questiontext>
      <text>Which code correctly creates an f-string to display a player's name and jersey number?</text>
    </questiontext>
    <answer fraction="100">
      <text>message = f"Player {name} wears jersey #{number}"</text>
    </answer>
    <answer fraction="0">
      <text>message = "Player {name} wears jersey #{number}"</text>
    </answer>
    <answer fraction="0">
      <text>message = f"Player " + name + " wears jersey #" + number</text>
    </answer>
    <answer fraction="0">
      <text>message = "Player $name wears jersey #$number"</text>
    </answer>
  </question>

  <question>
    <questiontext>
      <text>What will this code output? name = "LEBRON"; print(name.lower())</text>
    </questiontext>
    <answer fraction="100">
      <text>lebron</text>
    </answer>
    <answer fraction="0">
      <text>LEBRON</text>
    </answer>
    <answer fraction="0">
      <text>Lebron</text>
    </answer>
    <answer fraction="0">
      <text>LeBron</text>
    </answer>
  </question>

  <question>
    <questiontext>
      <text>A program needs to display: "Team: Lakers, Score: 110". Which is the best approach?</text>
    </questiontext>
    <answer fraction="100">
      <text>team = "Lakers"; score = 110; print(f"Team: {team}, Score: {score}")</text>
    </answer>
    <answer fraction="0">
      <text>print("Team: " + "Lakers" + ", Score: " + 110)</text>
    </answer>
    <answer fraction="0">
      <text>print("Team: {team}, Score: {score}")</text>
    </answer>
    <answer fraction="0">
      <text>team = "Lakers"; score = 110; print("Team: $team, Score: $score")</text>
    </answer>
  </question>

  <question>
    <questiontext>
      <text>What will this code output? title = "nba finals"; print(title.title())</text>
    </questiontext>
    <answer fraction="100">
      <text>Nba Finals</text>
    </answer>
    <answer fraction="0">
      <text>nba finals</text>
    </answer>
    <answer fraction="0">
      <text>NBA FINALS</text>
    </answer>
    <answer fraction="0">
      <text>NBA Finals</text>
    </answer>
  </question>

  <question>
    <questiontext>
      <text>Which code correctly removes leading and trailing spaces from a team name?</text>
    </questiontext>
    <answer fraction="100">
      <text>team = "  Warriors  "; clean_team = team.strip()</text>
    </answer>
    <answer fraction="0">
      <text>team = "  Warriors  "; clean_team = team.trim()</text>
    </answer>
    <answer fraction="0">
      <text>team = "  Warriors  "; clean_team = team.remove_spaces()</text>
    </answer>
    <answer fraction="0">
      <text>team = "  Warriors  "; clean_team = team.clean()</text>
    </answer>
  </question>

  <question>
    <questiontext>
      <text>What is wrong with this code? player = "Durant"; position = "Forward"; print("Player {player} plays {position}")</text>
    </questiontext>
    <answer fraction="100">
      <text>Missing the f prefix before the string</text>
    </answer>
    <answer fraction="0">
      <text>Variables should use $ instead of {}</text>
    </answer>
    <answer fraction="0">
      <text>The print statement is incorrect</text>
    </answer>
    <answer fraction="0">
      <text>The code is correct as written</text>
    </answer>
  </question>

  <question>
    <questiontext>
      <text>What will this code output? text = "basketball"; result = text.find("ball"); print(result)</text>
    </questiontext>
    <answer fraction="100">
      <text>6</text>
    </answer>
    <answer fraction="0">
      <text>4</text>
    </answer>
    <answer fraction="0">
      <text>True</text>
    </answer>
    <answer fraction="0">
      <text>-1</text>
    </answer>
  </question>

  <question>
    <questiontext>
      <text>Which code correctly replaces "win" with "victory" in the message?</text>
    </questiontext>
    <answer fraction="100">
      <text>message = "Team will win"; new_message = message.replace("win", "victory")</text>
    </answer>
    <answer fraction="0">
      <text>message = "Team will win"; message.replace("win", "victory")</text>
    </answer>
    <answer fraction="0">
      <text>message = "Team will win"; new_message = message.swap("win", "victory")</text>
    </answer>
    <answer fraction="0">
      <text>message = "Team will win"; message = replace(message, "win", "victory")</text>
    </answer>
  </question>

  <question>
    <questiontext>
      <text>What happens when you call a string method like .upper() on a string?</text>
    </questiontext>
    <answer fraction="100">
      <text>It returns a new string; the original string is unchanged</text>
    </answer>
    <answer fraction="0">
      <text>It modifies the original string permanently</text>
    </answer>
    <answer fraction="0">
      <text>It only works if you assign it back to the same variable</text>
    </answer>
    <answer fraction="0">
      <text>It creates an error because strings cannot be modified</text>
    </answer>
  </question>

  <question>
    <questiontext>
      <text>What is the main advantage of f-strings over string concatenation?</text>
    </questiontext>
    <answer fraction="100">
      <text>Code is more readable and easier to visualize the output</text>
    </answer>
    <answer fraction="0">
      <text>F-strings are faster to execute</text>
    </answer>
    <answer fraction="0">
      <text>F-strings can include variables, concatenation cannot</text>
    </answer>
    <answer fraction="0">
      <text>F-strings automatically convert numbers to strings</text>
    </answer>
  </question>
</quiz>
