<?xml version="1.0" encoding="UTF-8"?>
<questestinterop xmlns="http://www.imsglobal.org/xsd/ims_qtiasiv1p2" xmlns:xsi="http://www.w3.org/2001/XMLSchema-instance" xsi:schemaLocation="http://www.imsglobal.org/xsd/ims_qtiasiv1p2 http://www.imsglobal.org/xsd/ims_qtiasiv1p2p1.xsd">
  <assessment ident="lesson_07_assignment_quiz" title="Lesson 07: Formatted Strings - Assignment Quiz">
    <qtimetadata>
      <qtimetadatafield>
        <fieldlabel>cc_maxattempts</fieldlabel>
        <fieldentry>3</fieldentry>
      </qtimetadatafield>
      <qtimetadatafield>
        <fieldlabel>qmd_timelimit</fieldlabel>
        <fieldentry>0</fieldentry>
      </qtimetadatafield>
    </qtimetadata>
    <section ident="root_section">

      <!-- Question 1: F-String Output Prediction -->
      <item ident="q1" title="Question 1">
        <itemmetadata>
          <qtimetadata>
            <qtimetadatafield>
              <fieldlabel>question_type</fieldlabel>
              <fieldentry>multiple_choice_question</fieldentry>
            </qtimetadatafield>
            <qtimetadatafield>
              <fieldlabel>points_possible</fieldlabel>
              <fieldentry>1</fieldentry>
            </qtimetadatafield>
          </qtimetadata>
        </itemmetadata>
        <presentation>
          <material>
            <mattext texttype="text/html">&lt;p&gt;What will this code print?&lt;/p&gt;
&lt;pre&gt;player_name = "Stephen Curry"
points = 42
message = f"{player_name} scored {points} points"
print(message)&lt;/pre&gt;</mattext>
          </material>
          <response_lid ident="response1" rcardinality="Single">
            <render_choice>
              <response_label ident="a">
                <material>
                  <mattext texttype="text/plain">Stephen Curry scored 42 points</mattext>
                </material>
              </response_label>
              <response_label ident="b">
                <material>
                  <mattext texttype="text/plain">{player_name} scored {points} points</mattext>
                </material>
              </response_label>
              <response_label ident="c">
                <material>
                  <mattext texttype="text/plain">player_name scored points</mattext>
                </material>
              </response_label>
              <response_label ident="d">
                <material>
                  <mattext texttype="text/plain">Error: invalid syntax</mattext>
                </material>
              </response_label>
            </render_choice>
          </response_lid>
        </presentation>
        <resprocessing>
          <outcomes>
            <decvar maxvalue="100" minvalue="0" varname="SCORE" vartype="Decimal"/>
          </outcomes>
          <respcondition continue="No">
            <conditionvar>
              <varequal respident="response1">a</varequal>
            </conditionvar>
            <setvar action="Set" varname="SCORE">100</setvar>
          </respcondition>
        </resprocessing>
      </item>

      <!-- Question 2: Missing F-Prefix Bug -->
      <item ident="q2" title="Question 2">
        <itemmetadata>
          <qtimetadata>
            <qtimetadatafield>
              <fieldlabel>question_type</fieldlabel>
              <fieldentry>multiple_choice_question</fieldentry>
            </qtimetadatafield>
            <qtimetadatafield>
              <fieldlabel>points_possible</fieldlabel>
              <fieldentry>1</fieldentry>
            </qtimetadatafield>
          </qtimetadata>
        </itemmetadata>
        <presentation>
          <material>
            <mattext texttype="text/html">&lt;p&gt;What happens if you forget the &lt;code&gt;f&lt;/code&gt; prefix in an f-string?&lt;/p&gt;
&lt;pre&gt;name = "Jordan"
message = "{name} is playing"
print(message)&lt;/pre&gt;</mattext>
          </material>
          <response_lid ident="response1" rcardinality="Single">
            <render_choice>
              <response_label ident="a">
                <material>
                  <mattext texttype="text/plain">It prints the literal text: {name} is playing</mattext>
                </material>
              </response_label>
              <response_label ident="b">
                <material>
                  <mattext texttype="text/plain">It prints: Jordan is playing</mattext>
                </material>
              </response_label>
              <response_label ident="c">
                <material>
                  <mattext texttype="text/plain">It causes a SyntaxError</mattext>
                </material>
              </response_label>
              <response_label ident="d">
                <material>
                  <mattext texttype="text/plain">It causes a NameError</mattext>
                </material>
              </response_label>
            </render_choice>
          </response_lid>
        </presentation>
        <resprocessing>
          <outcomes>
            <decvar maxvalue="100" minvalue="0" varname="SCORE" vartype="Decimal"/>
          </outcomes>
          <respcondition continue="No">
            <conditionvar>
              <varequal respident="response1">a</varequal>
            </conditionvar>
            <setvar action="Set" varname="SCORE">100</setvar>
          </respcondition>
        </resprocessing>
      </item>

      <!-- Question 3: Fix Concatenation Type Error -->
      <item ident="q3" title="Question 3">
        <itemmetadata>
          <qtimetadata>
            <qtimetadatafield>
              <fieldlabel>question_type</fieldlabel>
              <fieldentry>multiple_choice_question</fieldentry>
            </qtimetadatafield>
            <qtimetadatafield>
              <fieldlabel>points_possible</fieldlabel>
              <fieldentry>1</fieldentry>
            </qtimetadatafield>
          </qtimetadata>
        </itemmetadata>
        <presentation>
          <material>
            <mattext texttype="text/html">&lt;p&gt;This code causes a TypeError. How do you fix it?&lt;/p&gt;
&lt;pre&gt;team = "Lakers"
wins = 40
summary = team + " have " + wins + " wins"&lt;/pre&gt;</mattext>
          </material>
          <response_lid ident="response1" rcardinality="Single">
            <render_choice>
              <response_label ident="a">
                <material>
                  <mattext texttype="text/plain">Use an f-string: summary = f"{team} have {wins} wins"</mattext>
                </material>
              </response_label>
              <response_label ident="b">
                <material>
                  <mattext texttype="text/plain">Convert team to int: int(team)</mattext>
                </material>
              </response_label>
              <response_label ident="c">
                <material>
                  <mattext texttype="text/plain">Remove the quotes around "Lakers"</mattext>
                </material>
              </response_label>
              <response_label ident="d">
                <material>
                  <mattext texttype="text/plain">Put quotes around wins: wins = "40"</mattext>
                </material>
              </response_label>
            </render_choice>
          </response_lid>
        </presentation>
        <resprocessing>
          <outcomes>
            <decvar maxvalue="100" minvalue="0" varname="SCORE" vartype="Decimal"/>
          </outcomes>
          <respcondition continue="No">
            <conditionvar>
              <varequal respident="response1">a</varequal>
            </conditionvar>
            <setvar action="Set" varname="SCORE">100</setvar>
          </respcondition>
        </resprocessing>
      </item>

      <!-- Question 4: Multi-Line F-String Syntax -->
      <item ident="q4" title="Question 4">
        <itemmetadata>
          <qtimetadata>
            <qtimetadatafield>
              <fieldlabel>question_type</fieldlabel>
              <fieldentry>multiple_choice_question</fieldentry>
            </qtimetadatafield>
            <qtimetadatafield>
              <fieldlabel>points_possible</fieldlabel>
              <fieldentry>1</fieldentry>
            </qtimetadatafield>
          </qtimetadata>
        </itemmetadata>
        <presentation>
          <material>
            <mattext texttype="text/html">&lt;p&gt;What syntax creates a multi-line f-string?&lt;/p&gt;</mattext>
          </material>
          <response_lid ident="response1" rcardinality="Single">
            <render_choice>
              <response_label ident="a">
                <material>
                  <mattext texttype="text/plain">f"""multi-line text"""</mattext>
                </material>
              </response_label>
              <response_label ident="b">
                <material>
                  <mattext texttype="text/plain">f"multi-line\ntext"</mattext>
                </material>
              </response_label>
              <response_label ident="c">
                <material>
                  <mattext texttype="text/plain">f["multi-line", "text"]</mattext>
                </material>
              </response_label>
              <response_label ident="d">
                <material>
                  <mattext texttype="text/plain">f{multi-line text}</mattext>
                </material>
              </response_label>
            </render_choice>
          </response_lid>
        </presentation>
        <resprocessing>
          <outcomes>
            <decvar maxvalue="100" minvalue="0" varname="SCORE" vartype="Decimal"/>
          </outcomes>
          <respcondition continue="No">
            <conditionvar>
              <varequal respident="response1">a</varequal>
            </conditionvar>
            <setvar action="Set" varname="SCORE">100</setvar>
          </respcondition>
        </resprocessing>
      </item>

      <!-- Question 5: Inline Expression Calculation -->
      <item ident="q5" title="Question 5">
        <itemmetadata>
          <qtimetadata>
            <qtimetadatafield>
              <fieldlabel>question_type</fieldlabel>
              <fieldentry>multiple_choice_question</fieldentry>
            </qtimetadatafield>
            <qtimetadatafield>
              <fieldlabel>points_possible</fieldlabel>
              <fieldentry>1</fieldentry>
            </qtimetadatafield>
          </qtimetadata>
        </itemmetadata>
        <presentation>
          <material>
            <mattext texttype="text/html">&lt;p&gt;What does this f-string print?&lt;/p&gt;
&lt;pre&gt;touchdowns = 3
field_goals = 2
scoreboard = f"Total: {touchdowns * 6 + field_goals * 3} pts"
print(scoreboard)&lt;/pre&gt;</mattext>
          </material>
          <response_lid ident="response1" rcardinality="Single">
            <render_choice>
              <response_label ident="a">
                <material>
                  <mattext texttype="text/plain">Total: 24 pts</mattext>
                </material>
              </response_label>
              <response_label ident="b">
                <material>
                  <mattext texttype="text/plain">Total: {touchdowns * 6 + field_goals * 3} pts</mattext>
                </material>
              </response_label>
              <response_label ident="c">
                <material>
                  <mattext texttype="text/plain">Total: 32 pts</mattext>
                </material>
              </response_label>
              <response_label ident="d">
                <material>
                  <mattext texttype="text/plain">SyntaxError: invalid syntax</mattext>
                </material>
              </response_label>
            </render_choice>
          </response_lid>
        </presentation>
        <resprocessing>
          <outcomes>
            <decvar maxvalue="100" minvalue="0" varname="SCORE" vartype="Decimal"/>
          </outcomes>
          <respcondition continue="No">
            <conditionvar>
              <varequal respident="response1">a</varequal>
            </conditionvar>
            <setvar action="Set" varname="SCORE">100</setvar>
          </respcondition>
        </resprocessing>
      </item>

      <!-- Question 6: Quote Mismatch Fix -->
      <item ident="q6" title="Question 6">
        <itemmetadata>
          <qtimetadata>
            <qtimetadatafield>
              <fieldlabel>question_type</fieldlabel>
              <fieldentry>multiple_choice_question</fieldentry>
            </qtimetadatafield>
            <qtimetadatafield>
              <fieldlabel>points_possible</fieldlabel>
              <fieldentry>1</fieldentry>
            </qtimetadatafield>
          </qtimetadata>
        </itemmetadata>
        <presentation>
          <material>
            <mattext texttype="text/html">&lt;p&gt;This code has a quote mismatch error. How do you fix it?&lt;/p&gt;
&lt;pre&gt;player = "James"
message = f"The player's name is "{player}""&lt;/pre&gt;</mattext>
          </material>
          <response_lid ident="response1" rcardinality="Single">
            <render_choice>
              <response_label ident="a">
                <material>
                  <mattext texttype="text/plain">Use single quotes for the f-string: f'The player\'s name is "{player}"'</mattext>
                </material>
              </response_label>
              <response_label ident="b">
                <material>
                  <mattext texttype="text/plain">Remove all quotes</mattext>
                </material>
              </response_label>
              <response_label ident="c">
                <material>
                  <mattext texttype="text/plain">Use square brackets: [player]</mattext>
                </material>
              </response_label>
              <response_label ident="d">
                <material>
                  <mattext texttype="text/plain">Remove the f prefix</mattext>
                </material>
              </response_label>
            </render_choice>
          </response_lid>
        </presentation>
        <resprocessing>
          <outcomes>
            <decvar maxvalue="100" minvalue="0" varname="SCORE" vartype="Decimal"/>
          </outcomes>
          <respcondition continue="No">
            <conditionvar>
              <varequal respident="response1">a</varequal>
            </conditionvar>
            <setvar action="Set" varname="SCORE">100</setvar>
          </respcondition>
        </resprocessing>
      </item>

      <!-- Question 7: When to Use F-Strings -->
      <item ident="q7" title="Question 7">
        <itemmetadata>
          <qtimetadata>
            <qtimetadatafield>
              <fieldlabel>question_type</fieldlabel>
              <fieldentry>multiple_choice_question</fieldentry>
            </qtimetadatafield>
            <qtimetadatafield>
              <fieldlabel>points_possible</fieldlabel>
              <fieldentry>1</fieldentry>
            </qtimetadatafield>
          </qtimetadata>
        </itemmetadata>
        <presentation>
          <material>
            <mattext texttype="text/html">&lt;p&gt;When should you use f-strings instead of concatenation?&lt;/p&gt;</mattext>
          </material>
          <response_lid ident="response1" rcardinality="Single">
            <render_choice>
              <response_label ident="a">
                <material>
                  <mattext texttype="text/plain">When combining strings and numbers, or when you want cleaner code</mattext>
                </material>
              </response_label>
              <response_label ident="b">
                <material>
                  <mattext texttype="text/plain">Only when working with numbers</mattext>
                </material>
              </response_label>
              <response_label ident="c">
                <material>
                  <mattext texttype="text/plain">Never - concatenation is always better</mattext>
                </material>
              </response_label>
              <response_label ident="d">
                <material>
                  <mattext texttype="text/plain">Only when you need multiple lines</mattext>
                </material>
              </response_label>
            </render_choice>
          </response_lid>
        </presentation>
        <resprocessing>
          <outcomes>
            <decvar maxvalue="100" minvalue="0" varname="SCORE" vartype="Decimal"/>
          </outcomes>
          <respcondition continue="No">
            <conditionvar>
              <varequal respident="response1">a</varequal>
            </conditionvar>
            <setvar action="Set" varname="SCORE">100</setvar>
          </respcondition>
        </resprocessing>
      </item>

      <!-- Question 8: Concatenation vs F-String -->
      <item ident="q8" title="Question 8">
        <itemmetadata>
          <qtimetadata>
            <qtimetadatafield>
              <fieldlabel>question_type</fieldlabel>
              <fieldentry>multiple_choice_question</fieldentry>
            </qtimetadatafield>
            <qtimetadatafield>
              <fieldlabel>points_possible</fieldlabel>
              <fieldentry>1</fieldentry>
            </qtimetadatafield>
          </qtimetadata>
        </itemmetadata>
        <presentation>
          <material>
            <mattext texttype="text/html">&lt;p&gt;Which is the f-string equivalent of this concatenation?&lt;/p&gt;
&lt;pre&gt;first = "LeBron"
last = "James"
full = first + " " + last&lt;/pre&gt;</mattext>
          </material>
          <response_lid ident="response1" rcardinality="Single">
            <render_choice>
              <response_label ident="a">
                <material>
                  <mattext texttype="text/plain">full = f"{first} {last}"</mattext>
                </material>
              </response_label>
              <response_label ident="b">
                <material>
                  <mattext texttype="text/plain">full = f[first last]</mattext>
                </material>
              </response_label>
              <response_label ident="c">
                <material>
                  <mattext texttype="text/plain">full = f(first, last)</mattext>
                </material>
              </response_label>
              <response_label ident="d">
                <material>
                  <mattext texttype="text/plain">full = "{first} {last}"</mattext>
                </material>
              </response_label>
            </render_choice>
          </response_lid>
        </presentation>
        <resprocessing>
          <outcomes>
            <decvar maxvalue="100" minvalue="0" varname="SCORE" vartype="Decimal"/>
          </outcomes>
          <respcondition continue="No">
            <conditionvar>
              <varequal respident="response1">a</varequal>
            </conditionvar>
            <setvar action="Set" varname="SCORE">100</setvar>
          </respcondition>
        </resprocessing>
      </item>

      <!-- Question 9: Sports Example -->
      <item ident="q9" title="Question 9">
        <itemmetadata>
          <qtimetadata>
            <qtimetadatafield>
              <fieldlabel>question_type</fieldlabel>
              <fieldentry>multiple_choice_question</fieldentry>
            </qtimetadatafield>
            <qtimetadatafield>
              <fieldlabel>points_possible</fieldlabel>
              <fieldentry>1</fieldentry>
            </qtimetadatafield>
          </qtimetadata>
        </itemmetadata>
        <presentation>
          <material>
            <mattext texttype="text/html">&lt;p&gt;What does this code print?&lt;/p&gt;
&lt;pre&gt;jersey = 23
lastname = "Jordan"
player_info = f"#{jersey} {lastname}"
print(player_info)&lt;/pre&gt;</mattext>
          </material>
          <response_lid ident="response1" rcardinality="Single">
            <render_choice>
              <response_label ident="a">
                <material>
                  <mattext texttype="text/plain">#23 Jordan</mattext>
                </material>
              </response_label>
              <response_label ident="b">
                <material>
                  <mattext texttype="text/plain">#{jersey} {lastname}</mattext>
                </material>
              </response_label>
              <response_label ident="c">
                <material>
                  <mattext texttype="text/plain">#jersey lastname</mattext>
                </material>
              </response_label>
              <response_label ident="d">
                <material>
                  <mattext texttype="text/plain">TypeError: unsupported operand</mattext>
                </material>
              </response_label>
            </render_choice>
          </response_lid>
        </presentation>
        <resprocessing>
          <outcomes>
            <decvar maxvalue="100" minvalue="0" varname="SCORE" vartype="Decimal"/>
          </outcomes>
          <respcondition continue="No">
            <conditionvar>
              <varequal respident="response1">a</varequal>
            </conditionvar>
            <setvar action="Set" varname="SCORE">100</setvar>
          </respcondition>
        </resprocessing>
      </item>

      <!-- Question 10: Auto Type Conversion -->
      <item ident="q10" title="Question 10">
        <itemmetadata>
          <qtimetadata>
            <qtimetadatafield>
              <fieldlabel>question_type</fieldlabel>
              <fieldentry>multiple_choice_question</fieldentry>
            </qtimetadatafield>
            <qtimetadatafield>
              <fieldlabel>points_possible</fieldlabel>
              <fieldentry>1</fieldentry>
            </qtimetadatafield>
          </qtimetadata>
        </itemmetadata>
        <presentation>
          <material>
            <mattext texttype="text/html">&lt;p&gt;What advantage do f-strings have over concatenation with the + operator?&lt;/p&gt;</mattext>
          </material>
          <response_lid ident="response1" rcardinality="Single">
            <render_choice>
              <response_label ident="a">
                <material>
                  <mattext texttype="text/plain">F-strings automatically convert numbers to strings</mattext>
                </material>
              </response_label>
              <response_label ident="b">
                <material>
                  <mattext texttype="text/plain">F-strings run faster than concatenation</mattext>
                </material>
              </response_label>
              <response_label ident="c">
                <material>
                  <mattext texttype="text/plain">F-strings can only be used with integers</mattext>
                </material>
              </response_label>
              <response_label ident="d">
                <material>
                  <mattext texttype="text/plain">F-strings don't allow spaces in the output</mattext>
                </material>
              </response_label>
            </render_choice>
          </response_lid>
        </presentation>
        <resprocessing>
          <outcomes>
            <decvar maxvalue="100" minvalue="0" varname="SCORE" vartype="Decimal"/>
          </outcomes>
          <respcondition continue="No">
            <conditionvar>
              <varequal respident="response1">a</varequal>
            </conditionvar>
            <setvar action="Set" varname="SCORE">100</setvar>
          </respcondition>
        </resprocessing>
      </item>

    </section>
  </assessment>
</questestinterop>
