<?xml version="1.0" encoding="UTF-8"?>
<quiz title="Lesson 10 - Logical Operators Vocabulary Quiz">
  <question>
    <questiontext>
      <text>What is the Logical AND (and) operator?</text>
    </questiontext>
    <answer fraction="100">
      <text>An operator that returns True only if BOTH conditions are true; used when all requirements must be met</text>
    </answer>
    <answer fraction="0">
      <text>An operator that returns True if at least one condition is true</text>
    </answer>
    <answer fraction="0">
      <text>An operator that inverts boolean values</text>
    </answer>
    <answer fraction="0">
      <text>An operator that combines strings together</text>
    </answer>
  </question>

  <question>
    <questiontext>
      <text>What is the Logical OR (or) operator?</text>
    </questiontext>
    <answer fraction="100">
      <text>An operator that returns True if AT LEAST ONE condition is true; used when any requirement can satisfy the condition</text>
    </answer>
    <answer fraction="0">
      <text>An operator that requires all conditions to be true</text>
    </answer>
    <answer fraction="0">
      <text>An operator that inverts boolean values</text>
    </answer>
    <answer fraction="0">
      <text>An operator that checks for equality</text>
    </answer>
  </question>

  <question>
    <questiontext>
      <text>What does the Logical NOT (not) operator do?</text>
    </questiontext>
    <answer fraction="100">
      <text>Inverts a boolean value (True becomes False, False becomes True)</text>
    </answer>
    <answer fraction="0">
      <text>Checks if two values are not equal</text>
    </answer>
    <answer fraction="0">
      <text>Returns True if both conditions are false</text>
    </answer>
    <answer fraction="0">
      <text>Combines multiple conditions together</text>
    </answer>
  </question>

  <question>
    <questiontext>
      <text>What is a Boolean Expression?</text>
    </questiontext>
    <answer fraction="100">
      <text>An expression that evaluates to either True or False</text>
    </answer>
    <answer fraction="0">
      <text>An expression that combines strings</text>
    </answer>
    <answer fraction="0">
      <text>An expression that performs mathematical calculations</text>
    </answer>
    <answer fraction="0">
      <text>An expression that creates lists</text>
    </answer>
  </question>

  <question>
    <questiontext>
      <text>What is a Compound Condition?</text>
    </questiontext>
    <answer fraction="100">
      <text>A condition that combines multiple boolean expressions using logical operators</text>
    </answer>
    <answer fraction="0">
      <text>A condition that uses only one comparison</text>
    </answer>
    <answer fraction="0">
      <text>A condition that checks string length</text>
    </answer>
    <answer fraction="0">
      <text>A condition that loops through data</text>
    </answer>
  </question>

  <question>
    <questiontext>
      <text>What is a Truth Table?</text>
    </questiontext>
    <answer fraction="100">
      <text>A table showing all possible combinations of inputs and their corresponding outputs for logical operators</text>
    </answer>
    <answer fraction="0">
      <text>A table that stores true values only</text>
    </answer>
    <answer fraction="0">
      <text>A table of comparison operators</text>
    </answer>
    <answer fraction="0">
      <text>A table that lists all variables in a program</text>
    </answer>
  </question>

  <question>
    <questiontext>
      <text>What is Short-Circuit Evaluation?</text>
    </questiontext>
    <answer fraction="100">
      <text>Python's optimization where it stops evaluating a boolean expression as soon as the result is determined</text>
    </answer>
    <answer fraction="0">
      <text>A way to write shorter code</text>
    </answer>
    <answer fraction="0">
      <text>A method to skip if statements</text>
    </answer>
    <answer fraction="0">
      <text>A technique to speed up loops</text>
    </answer>
  </question>

  <question>
    <questiontext>
      <text>What is Operator Precedence in logical operators?</text>
    </questiontext>
    <answer fraction="100">
      <text>The order in which operators are evaluated (not before and before or)</text>
    </answer>
    <answer fraction="0">
      <text>The importance ranking of different operators</text>
    </answer>
    <answer fraction="0">
      <text>The speed at which operators execute</text>
    </answer>
    <answer fraction="0">
      <text>The order in which variables are declared</text>
    </answer>
  </question>

  <question>
    <questiontext>
      <text>What is a Boolean Variable?</text>
    </questiontext>
    <answer fraction="100">
      <text>A variable that stores either True or False</text>
    </answer>
    <answer fraction="0">
      <text>A variable that stores numbers only</text>
    </answer>
    <answer fraction="0">
      <text>A variable that can change types</text>
    </answer>
    <answer fraction="0">
      <text>A variable that stores strings</text>
    </answer>
  </question>

  <question>
    <questiontext>
      <text>What is Conditional Logic?</text>
    </questiontext>
    <answer fraction="100">
      <text>Using boolean expressions to control program flow and make decisions</text>
    </answer>
    <answer fraction="0">
      <text>Writing if statements without else blocks</text>
    </answer>
    <answer fraction="0">
      <text>Using loops to repeat code</text>
    </answer>
    <answer fraction="0">
      <text>Defining functions with parameters</text>
    </answer>
  </question>
</quiz>
