<?xml version="1.0" encoding="UTF-8"?>
<questestinterop xmlns="http://www.imsglobal.org/xsd/ims_qtiasiv1p2" xmlns:xsi="http://www.w3.org/2001/XMLSchema-instance" xsi:schemaLocation="http://www.imsglobal.org/xsd/ims_qtiasiv1p2 http://www.imsglobal.org/xsd/ims_qtiasiv1p2p1.xsd">
  <assessment ident="lesson_10_vocabulary_quiz" title="Lesson 10: Logical_Operators - Vocabulary Quiz">
    <qtimetadata>
      <qtimetadatafield>
        <fieldlabel>cc_maxattempts</fieldlabel>
        <fieldentry>3</fieldentry>
      </qtimetadatafield>
      <qtimetadatafield>
        <fieldlabel>cc_weighting</fieldlabel>
        <fieldentry>not_weighted</fieldentry>
      </qtimetadatafield>
      <qtimetadatafield>
        <fieldlabel>qmd_timelimit</fieldlabel>
        <fieldentry>600</fieldentry>
      </qtimetadatafield>
    </qtimetadata>
    <section ident="root_section">

      <!-- Question 1 -->
      <item ident="q1" title="Question 1">
        <itemmetadata>
          <qtimetadata>
            <qtimetadatafield>
              <fieldlabel>question_type</fieldlabel>
              <fieldentry>multiple_choice_question</fieldentry>
            </qtimetadatafield>
            <qtimetadatafield>
              <fieldlabel>points_possible</fieldlabel>
              <fieldentry>10</fieldentry>
            </qtimetadatafield>
          </qtimetadata>
        </itemmetadata>
        <presentation>
          <material>
            <mattext texttype="text/html">&lt;p&gt;What is the Logical AND (and) operator?&lt;/p&gt;</mattext>
          </material>
          <response_lid ident="response1" rcardinality="Single">
            <render_choice>
              <response_label ident="a">
                <material>
                  <mattext texttype="text/plain">An operator that returns True only if BOTH conditions are true; used when all requirements must be met</mattext>
                </material>
              </response_label>
              <response_label ident="b">
                <material>
                  <mattext texttype="text/plain">An operator that returns True if at least one condition is true</mattext>
                </material>
              </response_label>
              <response_label ident="c">
                <material>
                  <mattext texttype="text/plain">An operator that inverts boolean values</mattext>
                </material>
              </response_label>
              <response_label ident="d">
                <material>
                  <mattext texttype="text/plain">An operator that combines strings together</mattext>
                </material>
              </response_label>
            </render_choice>
          </response_lid>
        </presentation>
        <resprocessing>
          <outcomes>
            <decvar maxvalue="100" minvalue="0" varname="SCORE" vartype="Decimal"/>
          </outcomes>
          <respcondition continue="No">
            <conditionvar>
              <varequal respident="response1">a</varequal>
            </conditionvar>
            <setvar action="Set" varname="SCORE">100</setvar>
          </respcondition>
        </resprocessing>
      </item>

      <!-- Question 2 -->
      <item ident="q2" title="Question 2">
        <itemmetadata>
          <qtimetadata>
            <qtimetadatafield>
              <fieldlabel>question_type</fieldlabel>
              <fieldentry>multiple_choice_question</fieldentry>
            </qtimetadatafield>
            <qtimetadatafield>
              <fieldlabel>points_possible</fieldlabel>
              <fieldentry>10</fieldentry>
            </qtimetadatafield>
          </qtimetadata>
        </itemmetadata>
        <presentation>
          <material>
            <mattext texttype="text/html">&lt;p&gt;What is the Logical OR (or) operator?&lt;/p&gt;</mattext>
          </material>
          <response_lid ident="response1" rcardinality="Single">
            <render_choice>
              <response_label ident="a">
                <material>
                  <mattext texttype="text/plain">An operator that returns True if AT LEAST ONE condition is true; used when any requirement can satisfy the condition</mattext>
                </material>
              </response_label>
              <response_label ident="b">
                <material>
                  <mattext texttype="text/plain">An operator that requires all conditions to be true</mattext>
                </material>
              </response_label>
              <response_label ident="c">
                <material>
                  <mattext texttype="text/plain">An operator that inverts boolean values</mattext>
                </material>
              </response_label>
              <response_label ident="d">
                <material>
                  <mattext texttype="text/plain">An operator that checks for equality</mattext>
                </material>
              </response_label>
            </render_choice>
          </response_lid>
        </presentation>
        <resprocessing>
          <outcomes>
            <decvar maxvalue="100" minvalue="0" varname="SCORE" vartype="Decimal"/>
          </outcomes>
          <respcondition continue="No">
            <conditionvar>
              <varequal respident="response1">a</varequal>
            </conditionvar>
            <setvar action="Set" varname="SCORE">100</setvar>
          </respcondition>
        </resprocessing>
      </item>

      <!-- Question 3 -->
      <item ident="q3" title="Question 3">
        <itemmetadata>
          <qtimetadata>
            <qtimetadatafield>
              <fieldlabel>question_type</fieldlabel>
              <fieldentry>multiple_choice_question</fieldentry>
            </qtimetadatafield>
            <qtimetadatafield>
              <fieldlabel>points_possible</fieldlabel>
              <fieldentry>10</fieldentry>
            </qtimetadatafield>
          </qtimetadata>
        </itemmetadata>
        <presentation>
          <material>
            <mattext texttype="text/html">&lt;p&gt;What does the Logical NOT (not) operator do?&lt;/p&gt;</mattext>
          </material>
          <response_lid ident="response1" rcardinality="Single">
            <render_choice>
              <response_label ident="a">
                <material>
                  <mattext texttype="text/plain">Inverts a boolean value (True becomes False, False becomes True)</mattext>
                </material>
              </response_label>
              <response_label ident="b">
                <material>
                  <mattext texttype="text/plain">Checks if two values are not equal</mattext>
                </material>
              </response_label>
              <response_label ident="c">
                <material>
                  <mattext texttype="text/plain">Returns True if both conditions are false</mattext>
                </material>
              </response_label>
              <response_label ident="d">
                <material>
                  <mattext texttype="text/plain">Combines multiple conditions together</mattext>
                </material>
              </response_label>
            </render_choice>
          </response_lid>
        </presentation>
        <resprocessing>
          <outcomes>
            <decvar maxvalue="100" minvalue="0" varname="SCORE" vartype="Decimal"/>
          </outcomes>
          <respcondition continue="No">
            <conditionvar>
              <varequal respident="response1">a</varequal>
            </conditionvar>
            <setvar action="Set" varname="SCORE">100</setvar>
          </respcondition>
        </resprocessing>
      </item>

      <!-- Question 4 -->
      <item ident="q4" title="Question 4">
        <itemmetadata>
          <qtimetadata>
            <qtimetadatafield>
              <fieldlabel>question_type</fieldlabel>
              <fieldentry>multiple_choice_question</fieldentry>
            </qtimetadatafield>
            <qtimetadatafield>
              <fieldlabel>points_possible</fieldlabel>
              <fieldentry>10</fieldentry>
            </qtimetadatafield>
          </qtimetadata>
        </itemmetadata>
        <presentation>
          <material>
            <mattext texttype="text/html">&lt;p&gt;What is a Boolean Expression?&lt;/p&gt;</mattext>
          </material>
          <response_lid ident="response1" rcardinality="Single">
            <render_choice>
              <response_label ident="a">
                <material>
                  <mattext texttype="text/plain">An expression that evaluates to either True or False</mattext>
                </material>
              </response_label>
              <response_label ident="b">
                <material>
                  <mattext texttype="text/plain">An expression that combines strings</mattext>
                </material>
              </response_label>
              <response_label ident="c">
                <material>
                  <mattext texttype="text/plain">An expression that performs mathematical calculations</mattext>
                </material>
              </response_label>
              <response_label ident="d">
                <material>
                  <mattext texttype="text/plain">An expression that creates lists</mattext>
                </material>
              </response_label>
            </render_choice>
          </response_lid>
        </presentation>
        <resprocessing>
          <outcomes>
            <decvar maxvalue="100" minvalue="0" varname="SCORE" vartype="Decimal"/>
          </outcomes>
          <respcondition continue="No">
            <conditionvar>
              <varequal respident="response1">a</varequal>
            </conditionvar>
            <setvar action="Set" varname="SCORE">100</setvar>
          </respcondition>
        </resprocessing>
      </item>

      <!-- Question 5 -->
      <item ident="q5" title="Question 5">
        <itemmetadata>
          <qtimetadata>
            <qtimetadatafield>
              <fieldlabel>question_type</fieldlabel>
              <fieldentry>multiple_choice_question</fieldentry>
            </qtimetadatafield>
            <qtimetadatafield>
              <fieldlabel>points_possible</fieldlabel>
              <fieldentry>10</fieldentry>
            </qtimetadatafield>
          </qtimetadata>
        </itemmetadata>
        <presentation>
          <material>
            <mattext texttype="text/html">&lt;p&gt;What is a Compound Condition?&lt;/p&gt;</mattext>
          </material>
          <response_lid ident="response1" rcardinality="Single">
            <render_choice>
              <response_label ident="a">
                <material>
                  <mattext texttype="text/plain">A condition that combines multiple boolean expressions using logical operators</mattext>
                </material>
              </response_label>
              <response_label ident="b">
                <material>
                  <mattext texttype="text/plain">A condition that uses only one comparison</mattext>
                </material>
              </response_label>
              <response_label ident="c">
                <material>
                  <mattext texttype="text/plain">A condition that checks string length</mattext>
                </material>
              </response_label>
              <response_label ident="d">
                <material>
                  <mattext texttype="text/plain">A condition that loops through data</mattext>
                </material>
              </response_label>
            </render_choice>
          </response_lid>
        </presentation>
        <resprocessing>
          <outcomes>
            <decvar maxvalue="100" minvalue="0" varname="SCORE" vartype="Decimal"/>
          </outcomes>
          <respcondition continue="No">
            <conditionvar>
              <varequal respident="response1">a</varequal>
            </conditionvar>
            <setvar action="Set" varname="SCORE">100</setvar>
          </respcondition>
        </resprocessing>
      </item>

      <!-- Question 6 -->
      <item ident="q6" title="Question 6">
        <itemmetadata>
          <qtimetadata>
            <qtimetadatafield>
              <fieldlabel>question_type</fieldlabel>
              <fieldentry>multiple_choice_question</fieldentry>
            </qtimetadatafield>
            <qtimetadatafield>
              <fieldlabel>points_possible</fieldlabel>
              <fieldentry>10</fieldentry>
            </qtimetadatafield>
          </qtimetadata>
        </itemmetadata>
        <presentation>
          <material>
            <mattext texttype="text/html">&lt;p&gt;What is a Truth Table?&lt;/p&gt;</mattext>
          </material>
          <response_lid ident="response1" rcardinality="Single">
            <render_choice>
              <response_label ident="a">
                <material>
                  <mattext texttype="text/plain">A table showing all possible combinations of inputs and their corresponding outputs for logical operators</mattext>
                </material>
              </response_label>
              <response_label ident="b">
                <material>
                  <mattext texttype="text/plain">A table that stores true values only</mattext>
                </material>
              </response_label>
              <response_label ident="c">
                <material>
                  <mattext texttype="text/plain">A table of comparison operators</mattext>
                </material>
              </response_label>
              <response_label ident="d">
                <material>
                  <mattext texttype="text/plain">A table that lists all variables in a program</mattext>
                </material>
              </response_label>
            </render_choice>
          </response_lid>
        </presentation>
        <resprocessing>
          <outcomes>
            <decvar maxvalue="100" minvalue="0" varname="SCORE" vartype="Decimal"/>
          </outcomes>
          <respcondition continue="No">
            <conditionvar>
              <varequal respident="response1">a</varequal>
            </conditionvar>
            <setvar action="Set" varname="SCORE">100</setvar>
          </respcondition>
        </resprocessing>
      </item>

      <!-- Question 7 -->
      <item ident="q7" title="Question 7">
        <itemmetadata>
          <qtimetadata>
            <qtimetadatafield>
              <fieldlabel>question_type</fieldlabel>
              <fieldentry>multiple_choice_question</fieldentry>
            </qtimetadatafield>
            <qtimetadatafield>
              <fieldlabel>points_possible</fieldlabel>
              <fieldentry>10</fieldentry>
            </qtimetadatafield>
          </qtimetadata>
        </itemmetadata>
        <presentation>
          <material>
            <mattext texttype="text/html">&lt;p&gt;What is Short-Circuit Evaluation?&lt;/p&gt;</mattext>
          </material>
          <response_lid ident="response1" rcardinality="Single">
            <render_choice>
              <response_label ident="a">
                <material>
                  <mattext texttype="text/plain">Python&#x27;s optimization where it stops evaluating a boolean expression as soon as the result is determined</mattext>
                </material>
              </response_label>
              <response_label ident="b">
                <material>
                  <mattext texttype="text/plain">A way to write shorter code</mattext>
                </material>
              </response_label>
              <response_label ident="c">
                <material>
                  <mattext texttype="text/plain">A method to skip if statements</mattext>
                </material>
              </response_label>
              <response_label ident="d">
                <material>
                  <mattext texttype="text/plain">A technique to speed up loops</mattext>
                </material>
              </response_label>
            </render_choice>
          </response_lid>
        </presentation>
        <resprocessing>
          <outcomes>
            <decvar maxvalue="100" minvalue="0" varname="SCORE" vartype="Decimal"/>
          </outcomes>
          <respcondition continue="No">
            <conditionvar>
              <varequal respident="response1">a</varequal>
            </conditionvar>
            <setvar action="Set" varname="SCORE">100</setvar>
          </respcondition>
        </resprocessing>
      </item>

      <!-- Question 8 -->
      <item ident="q8" title="Question 8">
        <itemmetadata>
          <qtimetadata>
            <qtimetadatafield>
              <fieldlabel>question_type</fieldlabel>
              <fieldentry>multiple_choice_question</fieldentry>
            </qtimetadatafield>
            <qtimetadatafield>
              <fieldlabel>points_possible</fieldlabel>
              <fieldentry>10</fieldentry>
            </qtimetadatafield>
          </qtimetadata>
        </itemmetadata>
        <presentation>
          <material>
            <mattext texttype="text/html">&lt;p&gt;What is Operator Precedence in logical operators?&lt;/p&gt;</mattext>
          </material>
          <response_lid ident="response1" rcardinality="Single">
            <render_choice>
              <response_label ident="a">
                <material>
                  <mattext texttype="text/plain">The order in which operators are evaluated (not before and before or)</mattext>
                </material>
              </response_label>
              <response_label ident="b">
                <material>
                  <mattext texttype="text/plain">The importance ranking of different operators</mattext>
                </material>
              </response_label>
              <response_label ident="c">
                <material>
                  <mattext texttype="text/plain">The speed at which operators execute</mattext>
                </material>
              </response_label>
              <response_label ident="d">
                <material>
                  <mattext texttype="text/plain">The order in which variables are declared</mattext>
                </material>
              </response_label>
            </render_choice>
          </response_lid>
        </presentation>
        <resprocessing>
          <outcomes>
            <decvar maxvalue="100" minvalue="0" varname="SCORE" vartype="Decimal"/>
          </outcomes>
          <respcondition continue="No">
            <conditionvar>
              <varequal respident="response1">a</varequal>
            </conditionvar>
            <setvar action="Set" varname="SCORE">100</setvar>
          </respcondition>
        </resprocessing>
      </item>

      <!-- Question 9 -->
      <item ident="q9" title="Question 9">
        <itemmetadata>
          <qtimetadata>
            <qtimetadatafield>
              <fieldlabel>question_type</fieldlabel>
              <fieldentry>multiple_choice_question</fieldentry>
            </qtimetadatafield>
            <qtimetadatafield>
              <fieldlabel>points_possible</fieldlabel>
              <fieldentry>10</fieldentry>
            </qtimetadatafield>
          </qtimetadata>
        </itemmetadata>
        <presentation>
          <material>
            <mattext texttype="text/html">&lt;p&gt;What is a Boolean Variable?&lt;/p&gt;</mattext>
          </material>
          <response_lid ident="response1" rcardinality="Single">
            <render_choice>
              <response_label ident="a">
                <material>
                  <mattext texttype="text/plain">A variable that stores either True or False</mattext>
                </material>
              </response_label>
              <response_label ident="b">
                <material>
                  <mattext texttype="text/plain">A variable that stores numbers only</mattext>
                </material>
              </response_label>
              <response_label ident="c">
                <material>
                  <mattext texttype="text/plain">A variable that can change types</mattext>
                </material>
              </response_label>
              <response_label ident="d">
                <material>
                  <mattext texttype="text/plain">A variable that stores strings</mattext>
                </material>
              </response_label>
            </render_choice>
          </response_lid>
        </presentation>
        <resprocessing>
          <outcomes>
            <decvar maxvalue="100" minvalue="0" varname="SCORE" vartype="Decimal"/>
          </outcomes>
          <respcondition continue="No">
            <conditionvar>
              <varequal respident="response1">a</varequal>
            </conditionvar>
            <setvar action="Set" varname="SCORE">100</setvar>
          </respcondition>
        </resprocessing>
      </item>

      <!-- Question 10 -->
      <item ident="q10" title="Question 10">
        <itemmetadata>
          <qtimetadata>
            <qtimetadatafield>
              <fieldlabel>question_type</fieldlabel>
              <fieldentry>multiple_choice_question</fieldentry>
            </qtimetadatafield>
            <qtimetadatafield>
              <fieldlabel>points_possible</fieldlabel>
              <fieldentry>10</fieldentry>
            </qtimetadatafield>
          </qtimetadata>
        </itemmetadata>
        <presentation>
          <material>
            <mattext texttype="text/html">&lt;p&gt;What is Conditional Logic?&lt;/p&gt;</mattext>
          </material>
          <response_lid ident="response1" rcardinality="Single">
            <render_choice>
              <response_label ident="a">
                <material>
                  <mattext texttype="text/plain">Using boolean expressions to control program flow and make decisions</mattext>
                </material>
              </response_label>
              <response_label ident="b">
                <material>
                  <mattext texttype="text/plain">Writing if statements without else blocks</mattext>
                </material>
              </response_label>
              <response_label ident="c">
                <material>
                  <mattext texttype="text/plain">Using loops to repeat code</mattext>
                </material>
              </response_label>
              <response_label ident="d">
                <material>
                  <mattext texttype="text/plain">Defining functions with parameters</mattext>
                </material>
              </response_label>
            </render_choice>
          </response_lid>
        </presentation>
        <resprocessing>
          <outcomes>
            <decvar maxvalue="100" minvalue="0" varname="SCORE" vartype="Decimal"/>
          </outcomes>
          <respcondition continue="No">
            <conditionvar>
              <varequal respident="response1">a</varequal>
            </conditionvar>
            <setvar action="Set" varname="SCORE">100</setvar>
          </respcondition>
        </resprocessing>
      </item>

    </section>
  </assessment>
</questestinterop>
