<?xml version="1.0" encoding="UTF-8"?>
<quiz>
  <question>
    <questiontext>
      <text>What is an If Statement?</text>
    </questiontext>
    <answer fraction="100">
      <text>A control structure that executes code only when a specific condition is True</text>
    </answer>
    <answer fraction="0">
      <text>A loop that repeats code multiple times</text>
    </answer>
    <answer fraction="0">
      <text>A function that returns a value</text>
    </answer>
    <answer fraction="0">
      <text>A variable that stores boolean values</text>
    </answer>
  </question>

  <question>
    <questiontext>
      <text>What is the purpose of a Condition in an if statement?</text>
    </questiontext>
    <answer fraction="100">
      <text>An expression that evaluates to either True or False to control code execution</text>
    </answer>
    <answer fraction="0">
      <text>A loop counter that tracks iterations</text>
    </answer>
    <answer fraction="0">
      <text>A function parameter</text>
    </answer>
    <answer fraction="0">
      <text>A string that contains text</text>
    </answer>
  </question>

  <question>
    <questiontext>
      <text>What is a Comparison Operator?</text>
    </questiontext>
    <answer fraction="100">
      <text>A symbol used to compare two values (&gt;, &lt;, ==, !=, &gt;=, &lt;=)</text>
    </answer>
    <answer fraction="0">
      <text>A mathematical operator for addition or subtraction</text>
    </answer>
    <answer fraction="0">
      <text>A function that compares strings</text>
    </answer>
    <answer fraction="0">
      <text>A variable type in Python</text>
    </answer>
  </question>

  <question>
    <questiontext>
      <text>Why is Indentation important in Python?</text>
    </questiontext>
    <answer fraction="100">
      <text>It defines which code belongs inside an if statement block (usually 4 spaces)</text>
    </answer>
    <answer fraction="0">
      <text>It makes code look pretty but has no functional purpose</text>
    </answer>
    <answer fraction="0">
      <text>It's only required for comments</text>
    </answer>
    <answer fraction="0">
      <text>It determines variable names</text>
    </answer>
  </question>

  <question>
    <questiontext>
      <text>What does an Else statement do?</text>
    </questiontext>
    <answer fraction="100">
      <text>Executes alternative code when the if condition is False</text>
    </answer>
    <answer fraction="0">
      <text>Creates a new variable</text>
    </answer>
    <answer fraction="0">
      <text>Loops through a list</text>
    </answer>
    <answer fraction="0">
      <text>Exits the program</text>
    </answer>
  </question>

  <question>
    <questiontext>
      <text>What is Elif used for?</text>
    </questiontext>
    <answer fraction="100">
      <text>Checks an additional condition if previous conditions were False ("else if")</text>
    </answer>
    <answer fraction="0">
      <text>Ends a program</text>
    </answer>
    <answer fraction="0">
      <text>Creates a loop</text>
    </answer>
    <answer fraction="0">
      <text>Defines a function</text>
    </answer>
  </question>

  <question>
    <questiontext>
      <text>What is a Boolean Expression?</text>
    </questiontext>
    <answer fraction="100">
      <text>An expression that evaluates to either True or False</text>
    </answer>
    <answer fraction="0">
      <text>A mathematical equation</text>
    </answer>
    <answer fraction="0">
      <text>A string concatenation</text>
    </answer>
    <answer fraction="0">
      <text>A variable name</text>
    </answer>
  </question>

  <question>
    <questiontext>
      <text>What is a Code Block?</text>
    </questiontext>
    <answer fraction="100">
      <text>A group of statements that belong together, defined by indentation in Python</text>
    </answer>
    <answer fraction="0">
      <text>A comment section in code</text>
    </answer>
    <answer fraction="0">
      <text>A variable declaration</text>
    </answer>
    <answer fraction="0">
      <text>An error message</text>
    </answer>
  </question>

  <question>
    <questiontext>
      <text>What is Control Flow?</text>
    </questiontext>
    <answer fraction="100">
      <text>The order in which code statements are executed, determined by conditions and loops</text>
    </answer>
    <answer fraction="0">
      <text>The speed at which code runs</text>
    </answer>
    <answer fraction="0">
      <text>The amount of memory used</text>
    </answer>
    <answer fraction="0">
      <text>The number of variables in a program</text>
    </answer>
  </question>

  <question>
    <questiontext>
      <text>What is a Nested If statement?</text>
    </questiontext>
    <answer fraction="100">
      <text>An if statement placed inside another if statement for complex decision-making</text>
    </answer>
    <answer fraction="0">
      <text>An if statement that runs forever</text>
    </answer>
    <answer fraction="0">
      <text>An if statement without a condition</text>
    </answer>
    <answer fraction="0">
      <text>An if statement that creates variables</text>
    </answer>
  </question>
</quiz>
