<?xml version="1.0" encoding="UTF-8"?>
<questestinterop xmlns="http://www.imsglobal.org/xsd/ims_qtiasiv1p2" xmlns:xsi="http://www.w3.org/2001/XMLSchema-instance" xsi:schemaLocation="http://www.imsglobal.org/xsd/ims_qtiasiv1p2 http://www.imsglobal.org/xsd/ims_qtiasiv1p2p1.xsd">
  <assessment ident="lesson_09_vocabulary_quiz" title="Lesson 09: If_Statements - Vocabulary Quiz">
    <qtimetadata>
      <qtimetadatafield>
        <fieldlabel>cc_maxattempts</fieldlabel>
        <fieldentry>3</fieldentry>
      </qtimetadatafield>
      <qtimetadatafield>
        <fieldlabel>cc_weighting</fieldlabel>
        <fieldentry>not_weighted</fieldentry>
      </qtimetadatafield>
      <qtimetadatafield>
        <fieldlabel>qmd_timelimit</fieldlabel>
        <fieldentry>600</fieldentry>
      </qtimetadatafield>
    </qtimetadata>
    <section ident="root_section">

      <!-- Question 1 -->
      <item ident="q1" title="Question 1">
        <itemmetadata>
          <qtimetadata>
            <qtimetadatafield>
              <fieldlabel>question_type</fieldlabel>
              <fieldentry>multiple_choice_question</fieldentry>
            </qtimetadatafield>
            <qtimetadatafield>
              <fieldlabel>points_possible</fieldlabel>
              <fieldentry>10</fieldentry>
            </qtimetadatafield>
          </qtimetadata>
        </itemmetadata>
        <presentation>
          <material>
            <mattext texttype="text/html">&lt;p&gt;What is an If Statement?&lt;/p&gt;</mattext>
          </material>
          <response_lid ident="response1" rcardinality="Single">
            <render_choice>
              <response_label ident="a">
                <material>
                  <mattext texttype="text/plain">A control structure that executes code only when a specific condition is True</mattext>
                </material>
              </response_label>
              <response_label ident="b">
                <material>
                  <mattext texttype="text/plain">A loop that repeats code multiple times</mattext>
                </material>
              </response_label>
              <response_label ident="c">
                <material>
                  <mattext texttype="text/plain">A function that returns a value</mattext>
                </material>
              </response_label>
              <response_label ident="d">
                <material>
                  <mattext texttype="text/plain">A variable that stores boolean values</mattext>
                </material>
              </response_label>
            </render_choice>
          </response_lid>
        </presentation>
        <resprocessing>
          <outcomes>
            <decvar maxvalue="100" minvalue="0" varname="SCORE" vartype="Decimal"/>
          </outcomes>
          <respcondition continue="No">
            <conditionvar>
              <varequal respident="response1">a</varequal>
            </conditionvar>
            <setvar action="Set" varname="SCORE">100</setvar>
          </respcondition>
        </resprocessing>
      </item>

      <!-- Question 2 -->
      <item ident="q2" title="Question 2">
        <itemmetadata>
          <qtimetadata>
            <qtimetadatafield>
              <fieldlabel>question_type</fieldlabel>
              <fieldentry>multiple_choice_question</fieldentry>
            </qtimetadatafield>
            <qtimetadatafield>
              <fieldlabel>points_possible</fieldlabel>
              <fieldentry>10</fieldentry>
            </qtimetadatafield>
          </qtimetadata>
        </itemmetadata>
        <presentation>
          <material>
            <mattext texttype="text/html">&lt;p&gt;What is the purpose of a Condition in an if statement?&lt;/p&gt;</mattext>
          </material>
          <response_lid ident="response1" rcardinality="Single">
            <render_choice>
              <response_label ident="a">
                <material>
                  <mattext texttype="text/plain">An expression that evaluates to either True or False to control code execution</mattext>
                </material>
              </response_label>
              <response_label ident="b">
                <material>
                  <mattext texttype="text/plain">A loop counter that tracks iterations</mattext>
                </material>
              </response_label>
              <response_label ident="c">
                <material>
                  <mattext texttype="text/plain">A function parameter</mattext>
                </material>
              </response_label>
              <response_label ident="d">
                <material>
                  <mattext texttype="text/plain">A string that contains text</mattext>
                </material>
              </response_label>
            </render_choice>
          </response_lid>
        </presentation>
        <resprocessing>
          <outcomes>
            <decvar maxvalue="100" minvalue="0" varname="SCORE" vartype="Decimal"/>
          </outcomes>
          <respcondition continue="No">
            <conditionvar>
              <varequal respident="response1">a</varequal>
            </conditionvar>
            <setvar action="Set" varname="SCORE">100</setvar>
          </respcondition>
        </resprocessing>
      </item>

      <!-- Question 3 -->
      <item ident="q3" title="Question 3">
        <itemmetadata>
          <qtimetadata>
            <qtimetadatafield>
              <fieldlabel>question_type</fieldlabel>
              <fieldentry>multiple_choice_question</fieldentry>
            </qtimetadatafield>
            <qtimetadatafield>
              <fieldlabel>points_possible</fieldlabel>
              <fieldentry>10</fieldentry>
            </qtimetadatafield>
          </qtimetadata>
        </itemmetadata>
        <presentation>
          <material>
            <mattext texttype="text/html">&lt;p&gt;What is a Comparison Operator?&lt;/p&gt;</mattext>
          </material>
          <response_lid ident="response1" rcardinality="Single">
            <render_choice>
              <response_label ident="a">
                <material>
                  <mattext texttype="text/plain">A symbol used to compare two values (&gt;, &lt;, ==, !=, &gt;=, &lt;=)</mattext>
                </material>
              </response_label>
              <response_label ident="b">
                <material>
                  <mattext texttype="text/plain">A mathematical operator for addition or subtraction</mattext>
                </material>
              </response_label>
              <response_label ident="c">
                <material>
                  <mattext texttype="text/plain">A function that compares strings</mattext>
                </material>
              </response_label>
              <response_label ident="d">
                <material>
                  <mattext texttype="text/plain">A variable type in Python</mattext>
                </material>
              </response_label>
            </render_choice>
          </response_lid>
        </presentation>
        <resprocessing>
          <outcomes>
            <decvar maxvalue="100" minvalue="0" varname="SCORE" vartype="Decimal"/>
          </outcomes>
          <respcondition continue="No">
            <conditionvar>
              <varequal respident="response1">a</varequal>
            </conditionvar>
            <setvar action="Set" varname="SCORE">100</setvar>
          </respcondition>
        </resprocessing>
      </item>

      <!-- Question 4 -->
      <item ident="q4" title="Question 4">
        <itemmetadata>
          <qtimetadata>
            <qtimetadatafield>
              <fieldlabel>question_type</fieldlabel>
              <fieldentry>multiple_choice_question</fieldentry>
            </qtimetadatafield>
            <qtimetadatafield>
              <fieldlabel>points_possible</fieldlabel>
              <fieldentry>10</fieldentry>
            </qtimetadatafield>
          </qtimetadata>
        </itemmetadata>
        <presentation>
          <material>
            <mattext texttype="text/html">&lt;p&gt;Why is Indentation important in Python?&lt;/p&gt;</mattext>
          </material>
          <response_lid ident="response1" rcardinality="Single">
            <render_choice>
              <response_label ident="a">
                <material>
                  <mattext texttype="text/plain">It defines which code belongs inside an if statement block (usually 4 spaces)</mattext>
                </material>
              </response_label>
              <response_label ident="b">
                <material>
                  <mattext texttype="text/plain">It makes code look pretty but has no functional purpose</mattext>
                </material>
              </response_label>
              <response_label ident="c">
                <material>
                  <mattext texttype="text/plain">It&#x27;s only required for comments</mattext>
                </material>
              </response_label>
              <response_label ident="d">
                <material>
                  <mattext texttype="text/plain">It determines variable names</mattext>
                </material>
              </response_label>
            </render_choice>
          </response_lid>
        </presentation>
        <resprocessing>
          <outcomes>
            <decvar maxvalue="100" minvalue="0" varname="SCORE" vartype="Decimal"/>
          </outcomes>
          <respcondition continue="No">
            <conditionvar>
              <varequal respident="response1">a</varequal>
            </conditionvar>
            <setvar action="Set" varname="SCORE">100</setvar>
          </respcondition>
        </resprocessing>
      </item>

      <!-- Question 5 -->
      <item ident="q5" title="Question 5">
        <itemmetadata>
          <qtimetadata>
            <qtimetadatafield>
              <fieldlabel>question_type</fieldlabel>
              <fieldentry>multiple_choice_question</fieldentry>
            </qtimetadatafield>
            <qtimetadatafield>
              <fieldlabel>points_possible</fieldlabel>
              <fieldentry>10</fieldentry>
            </qtimetadatafield>
          </qtimetadata>
        </itemmetadata>
        <presentation>
          <material>
            <mattext texttype="text/html">&lt;p&gt;What does an Else statement do?&lt;/p&gt;</mattext>
          </material>
          <response_lid ident="response1" rcardinality="Single">
            <render_choice>
              <response_label ident="a">
                <material>
                  <mattext texttype="text/plain">Executes alternative code when the if condition is False</mattext>
                </material>
              </response_label>
              <response_label ident="b">
                <material>
                  <mattext texttype="text/plain">Creates a new variable</mattext>
                </material>
              </response_label>
              <response_label ident="c">
                <material>
                  <mattext texttype="text/plain">Loops through a list</mattext>
                </material>
              </response_label>
              <response_label ident="d">
                <material>
                  <mattext texttype="text/plain">Exits the program</mattext>
                </material>
              </response_label>
            </render_choice>
          </response_lid>
        </presentation>
        <resprocessing>
          <outcomes>
            <decvar maxvalue="100" minvalue="0" varname="SCORE" vartype="Decimal"/>
          </outcomes>
          <respcondition continue="No">
            <conditionvar>
              <varequal respident="response1">a</varequal>
            </conditionvar>
            <setvar action="Set" varname="SCORE">100</setvar>
          </respcondition>
        </resprocessing>
      </item>

      <!-- Question 6 -->
      <item ident="q6" title="Question 6">
        <itemmetadata>
          <qtimetadata>
            <qtimetadatafield>
              <fieldlabel>question_type</fieldlabel>
              <fieldentry>multiple_choice_question</fieldentry>
            </qtimetadatafield>
            <qtimetadatafield>
              <fieldlabel>points_possible</fieldlabel>
              <fieldentry>10</fieldentry>
            </qtimetadatafield>
          </qtimetadata>
        </itemmetadata>
        <presentation>
          <material>
            <mattext texttype="text/html">&lt;p&gt;What is Elif used for?&lt;/p&gt;</mattext>
          </material>
          <response_lid ident="response1" rcardinality="Single">
            <render_choice>
              <response_label ident="a">
                <material>
                  <mattext texttype="text/plain">Checks an additional condition if previous conditions were False (&quot;else if&quot;)</mattext>
                </material>
              </response_label>
              <response_label ident="b">
                <material>
                  <mattext texttype="text/plain">Ends a program</mattext>
                </material>
              </response_label>
              <response_label ident="c">
                <material>
                  <mattext texttype="text/plain">Creates a loop</mattext>
                </material>
              </response_label>
              <response_label ident="d">
                <material>
                  <mattext texttype="text/plain">Defines a function</mattext>
                </material>
              </response_label>
            </render_choice>
          </response_lid>
        </presentation>
        <resprocessing>
          <outcomes>
            <decvar maxvalue="100" minvalue="0" varname="SCORE" vartype="Decimal"/>
          </outcomes>
          <respcondition continue="No">
            <conditionvar>
              <varequal respident="response1">a</varequal>
            </conditionvar>
            <setvar action="Set" varname="SCORE">100</setvar>
          </respcondition>
        </resprocessing>
      </item>

      <!-- Question 7 -->
      <item ident="q7" title="Question 7">
        <itemmetadata>
          <qtimetadata>
            <qtimetadatafield>
              <fieldlabel>question_type</fieldlabel>
              <fieldentry>multiple_choice_question</fieldentry>
            </qtimetadatafield>
            <qtimetadatafield>
              <fieldlabel>points_possible</fieldlabel>
              <fieldentry>10</fieldentry>
            </qtimetadatafield>
          </qtimetadata>
        </itemmetadata>
        <presentation>
          <material>
            <mattext texttype="text/html">&lt;p&gt;What is a Boolean Expression?&lt;/p&gt;</mattext>
          </material>
          <response_lid ident="response1" rcardinality="Single">
            <render_choice>
              <response_label ident="a">
                <material>
                  <mattext texttype="text/plain">An expression that evaluates to either True or False</mattext>
                </material>
              </response_label>
              <response_label ident="b">
                <material>
                  <mattext texttype="text/plain">A mathematical equation</mattext>
                </material>
              </response_label>
              <response_label ident="c">
                <material>
                  <mattext texttype="text/plain">A string concatenation</mattext>
                </material>
              </response_label>
              <response_label ident="d">
                <material>
                  <mattext texttype="text/plain">A variable name</mattext>
                </material>
              </response_label>
            </render_choice>
          </response_lid>
        </presentation>
        <resprocessing>
          <outcomes>
            <decvar maxvalue="100" minvalue="0" varname="SCORE" vartype="Decimal"/>
          </outcomes>
          <respcondition continue="No">
            <conditionvar>
              <varequal respident="response1">a</varequal>
            </conditionvar>
            <setvar action="Set" varname="SCORE">100</setvar>
          </respcondition>
        </resprocessing>
      </item>

      <!-- Question 8 -->
      <item ident="q8" title="Question 8">
        <itemmetadata>
          <qtimetadata>
            <qtimetadatafield>
              <fieldlabel>question_type</fieldlabel>
              <fieldentry>multiple_choice_question</fieldentry>
            </qtimetadatafield>
            <qtimetadatafield>
              <fieldlabel>points_possible</fieldlabel>
              <fieldentry>10</fieldentry>
            </qtimetadatafield>
          </qtimetadata>
        </itemmetadata>
        <presentation>
          <material>
            <mattext texttype="text/html">&lt;p&gt;What is a Code Block?&lt;/p&gt;</mattext>
          </material>
          <response_lid ident="response1" rcardinality="Single">
            <render_choice>
              <response_label ident="a">
                <material>
                  <mattext texttype="text/plain">A group of statements that belong together, defined by indentation in Python</mattext>
                </material>
              </response_label>
              <response_label ident="b">
                <material>
                  <mattext texttype="text/plain">A comment section in code</mattext>
                </material>
              </response_label>
              <response_label ident="c">
                <material>
                  <mattext texttype="text/plain">A variable declaration</mattext>
                </material>
              </response_label>
              <response_label ident="d">
                <material>
                  <mattext texttype="text/plain">An error message</mattext>
                </material>
              </response_label>
            </render_choice>
          </response_lid>
        </presentation>
        <resprocessing>
          <outcomes>
            <decvar maxvalue="100" minvalue="0" varname="SCORE" vartype="Decimal"/>
          </outcomes>
          <respcondition continue="No">
            <conditionvar>
              <varequal respident="response1">a</varequal>
            </conditionvar>
            <setvar action="Set" varname="SCORE">100</setvar>
          </respcondition>
        </resprocessing>
      </item>

      <!-- Question 9 -->
      <item ident="q9" title="Question 9">
        <itemmetadata>
          <qtimetadata>
            <qtimetadatafield>
              <fieldlabel>question_type</fieldlabel>
              <fieldentry>multiple_choice_question</fieldentry>
            </qtimetadatafield>
            <qtimetadatafield>
              <fieldlabel>points_possible</fieldlabel>
              <fieldentry>10</fieldentry>
            </qtimetadatafield>
          </qtimetadata>
        </itemmetadata>
        <presentation>
          <material>
            <mattext texttype="text/html">&lt;p&gt;What is Control Flow?&lt;/p&gt;</mattext>
          </material>
          <response_lid ident="response1" rcardinality="Single">
            <render_choice>
              <response_label ident="a">
                <material>
                  <mattext texttype="text/plain">The order in which code statements are executed, determined by conditions and loops</mattext>
                </material>
              </response_label>
              <response_label ident="b">
                <material>
                  <mattext texttype="text/plain">The speed at which code runs</mattext>
                </material>
              </response_label>
              <response_label ident="c">
                <material>
                  <mattext texttype="text/plain">The amount of memory used</mattext>
                </material>
              </response_label>
              <response_label ident="d">
                <material>
                  <mattext texttype="text/plain">The number of variables in a program</mattext>
                </material>
              </response_label>
            </render_choice>
          </response_lid>
        </presentation>
        <resprocessing>
          <outcomes>
            <decvar maxvalue="100" minvalue="0" varname="SCORE" vartype="Decimal"/>
          </outcomes>
          <respcondition continue="No">
            <conditionvar>
              <varequal respident="response1">a</varequal>
            </conditionvar>
            <setvar action="Set" varname="SCORE">100</setvar>
          </respcondition>
        </resprocessing>
      </item>

      <!-- Question 10 -->
      <item ident="q10" title="Question 10">
        <itemmetadata>
          <qtimetadata>
            <qtimetadatafield>
              <fieldlabel>question_type</fieldlabel>
              <fieldentry>multiple_choice_question</fieldentry>
            </qtimetadatafield>
            <qtimetadatafield>
              <fieldlabel>points_possible</fieldlabel>
              <fieldentry>10</fieldentry>
            </qtimetadatafield>
          </qtimetadata>
        </itemmetadata>
        <presentation>
          <material>
            <mattext texttype="text/html">&lt;p&gt;What is a Nested If statement?&lt;/p&gt;</mattext>
          </material>
          <response_lid ident="response1" rcardinality="Single">
            <render_choice>
              <response_label ident="a">
                <material>
                  <mattext texttype="text/plain">An if statement placed inside another if statement for complex decision-making</mattext>
                </material>
              </response_label>
              <response_label ident="b">
                <material>
                  <mattext texttype="text/plain">An if statement that runs forever</mattext>
                </material>
              </response_label>
              <response_label ident="c">
                <material>
                  <mattext texttype="text/plain">An if statement without a condition</mattext>
                </material>
              </response_label>
              <response_label ident="d">
                <material>
                  <mattext texttype="text/plain">An if statement that creates variables</mattext>
                </material>
              </response_label>
            </render_choice>
          </response_lid>
        </presentation>
        <resprocessing>
          <outcomes>
            <decvar maxvalue="100" minvalue="0" varname="SCORE" vartype="Decimal"/>
          </outcomes>
          <respcondition continue="No">
            <conditionvar>
              <varequal respident="response1">a</varequal>
            </conditionvar>
            <setvar action="Set" varname="SCORE">100</setvar>
          </respcondition>
        </resprocessing>
      </item>

    </section>
  </assessment>
</questestinterop>
