<?xml version="1.0" encoding="UTF-8"?>
<questestinterop xmlns="http://www.imsglobal.org/xsd/ims_qtiasiv1p2" xmlns:xsi="http://www.w3.org/2001/XMLSchema-instance" xsi:schemaLocation="http://www.imsglobal.org/xsd/ims_qtiasiv1p2 http://www.imsglobal.org/xsd/ims_qtiasiv1p2p1.xsd">
  <assessment ident="lesson_05_vocabulary_quiz" title="Lesson 5: Type Conversion - Vocabulary Quiz">
    <qtimetadata>
      <qtimetadatafield>
        <fieldlabel>cc_maxattempts</fieldlabel>
        <fieldentry>3</fieldentry>
      </qtimetadatafield>
      <qtimetadatafield>
        <fieldlabel>cc_weighting</fieldlabel>
        <fieldentry>not_weighted</fieldentry>
      </qtimetadatafield>
      <qtimetadatafield>
        <fieldlabel>qmd_timelimit</fieldlabel>
        <fieldentry>600</fieldentry>
      </qtimetadatafield>
    </qtimetadata>
    <section ident="root_section">
      
      <!-- Question 1: What does input() return? -->
      <item ident="q1" title="Question 1">
        <itemmetadata>
          <qtimetadata>
            <qtimetadatafield>
              <fieldlabel>question_type</fieldlabel>
              <fieldentry>multiple_choice_question</fieldentry>
            </qtimetadatafield>
            <qtimetadatafield>
              <fieldlabel>points_possible</fieldlabel>
              <fieldentry>10</fieldentry>
            </qtimetadatafield>
          </qtimetadata>
        </itemmetadata>
        <presentation>
          <material>
            <mattext texttype="text/html">&lt;p&gt;What data type does the &lt;code&gt;input()&lt;/code&gt; function ALWAYS return in Python?&lt;/p&gt;</mattext>
          </material>
          <response_lid ident="response1" rcardinality="Single">
            <render_choice>
              <response_label ident="a">
                <material>
                  <mattext texttype="text/plain">Integer (whole number)</mattext>
                </material>
              </response_label>
              <response_label ident="b">
                <material>
                  <mattext texttype="text/plain">Float (decimal number)</mattext>
                </material>
              </response_label>
              <response_label ident="c">
                <material>
                  <mattext texttype="text/plain">String (text)</mattext>
                </material>
              </response_label>
              <response_label ident="d">
                <material>
                  <mattext texttype="text/plain">Boolean (True/False)</mattext>
                </material>
              </response_label>
            </render_choice>
          </response_lid>
        </presentation>
        <resprocessing>
          <outcomes>
            <decvar maxvalue="100" minvalue="0" varname="SCORE" vartype="Decimal"/>
          </outcomes>
          <respcondition continue="No">
            <conditionvar>
              <varequal respident="response1">c</varequal>
            </conditionvar>
            <setvar action="Set" varname="SCORE">100</setvar>
          </respcondition>
        </resprocessing>
      </item>

      <!-- Question 2: int() function -->
      <item ident="q2" title="Question 2">
        <itemmetadata>
          <qtimetadata>
            <qtimetadatafield>
              <fieldlabel>question_type</fieldlabel>
              <fieldentry>multiple_choice_question</fieldentry>
            </qtimetadatafield>
            <qtimetadatafield>
              <fieldlabel>points_possible</fieldlabel>
              <fieldentry>10</fieldentry>
            </qtimetadatafield>
          </qtimetadata>
        </itemmetadata>
        <presentation>
          <material>
            <mattext texttype="text/html">&lt;p&gt;What does the &lt;code&gt;int()&lt;/code&gt; function do?&lt;/p&gt;</mattext>
          </material>
          <response_lid ident="response1" rcardinality="Single">
            <render_choice>
              <response_label ident="a">
                <material>
                  <mattext texttype="text/plain">Converts a value to a whole number</mattext>
                </material>
              </response_label>
              <response_label ident="b">
                <material>
                  <mattext texttype="text/plain">Converts a value to a decimal number</mattext>
                </material>
              </response_label>
              <response_label ident="c">
                <material>
                  <mattext texttype="text/plain">Converts a value to text</mattext>
                </material>
              </response_label>
              <response_label ident="d">
                <material>
                  <mattext texttype="text/plain">Gets user input</mattext>
                </material>
              </response_label>
            </render_choice>
          </response_lid>
        </presentation>
        <resprocessing>
          <outcomes>
            <decvar maxvalue="100" minvalue="0" varname="SCORE" vartype="Decimal"/>
          </outcomes>
          <respcondition continue="No">
            <conditionvar>
              <varequal respident="response1">a</varequal>
            </conditionvar>
            <setvar action="Set" varname="SCORE">100</setvar>
          </respcondition>
        </resprocessing>
      </item>

      <!-- Question 3: float() function -->
      <item ident="q3" title="Question 3">
        <itemmetadata>
          <qtimetadata>
            <qtimetadatafield>
              <fieldlabel>question_type</fieldlabel>
              <fieldentry>multiple_choice_question</fieldentry>
            </qtimetadatafield>
            <qtimetadatafield>
              <fieldlabel>points_possible</fieldlabel>
              <fieldentry>10</fieldentry>
            </qtimetadatafield>
          </qtimetadata>
        </itemmetadata>
        <presentation>
          <material>
            <mattext texttype="text/html">&lt;p&gt;What does the &lt;code&gt;float()&lt;/code&gt; function do?&lt;/p&gt;</mattext>
          </material>
          <response_lid ident="response1" rcardinality="Single">
            <render_choice>
              <response_label ident="a">
                <material>
                  <mattext texttype="text/plain">Converts a value to a whole number</mattext>
                </material>
              </response_label>
              <response_label ident="b">
                <material>
                  <mattext texttype="text/plain">Converts a value to a decimal number</mattext>
                </material>
              </response_label>
              <response_label ident="c">
                <material>
                  <mattext texttype="text/plain">Makes a value float in the air</mattext>
                </material>
              </response_label>
              <response_label ident="d">
                <material>
                  <mattext texttype="text/plain">Removes decimal points</mattext>
                </material>
              </response_label>
            </render_choice>
          </response_lid>
        </presentation>
        <resprocessing>
          <outcomes>
            <decvar maxvalue="100" minvalue="0" varname="SCORE" vartype="Decimal"/>
          </outcomes>
          <respcondition continue="No">
            <conditionvar>
              <varequal respident="response1">b</varequal>
            </conditionvar>
            <setvar action="Set" varname="SCORE">100</setvar>
          </respcondition>
        </resprocessing>
      </item>

      <!-- Question 4: type() function -->
      <item ident="q4" title="Question 4">
        <itemmetadata>
          <qtimetadata>
            <qtimetadatafield>
              <fieldlabel>question_type</fieldlabel>
              <fieldentry>multiple_choice_question</fieldentry>
            </qtimetadatafield>
            <qtimetadatafield>
              <fieldlabel>points_possible</fieldlabel>
              <fieldentry>10</fieldentry>
            </qtimetadatafield>
          </qtimetadata>
        </itemmetadata>
        <presentation>
          <material>
            <mattext texttype="text/html">&lt;p&gt;What does the &lt;code&gt;type()&lt;/code&gt; function do?&lt;/p&gt;</mattext>
          </material>
          <response_lid ident="response1" rcardinality="Single">
            <render_choice>
              <response_label ident="a">
                <material>
                  <mattext texttype="text/plain">Converts between data types</mattext>
                </material>
              </response_label>
              <response_label ident="b">
                <material>
                  <mattext texttype="text/plain">Checks what data type a variable is</mattext>
                </material>
              </response_label>
              <response_label ident="c">
                <material>
                  <mattext texttype="text/plain">Gets user keyboard input</mattext>
                </material>
              </response_label>
              <response_label ident="d">
                <material>
                  <mattext texttype="text/plain">Prints text to the screen</mattext>
                </material>
              </response_label>
            </render_choice>
          </response_lid>
        </presentation>
        <resprocessing>
          <outcomes>
            <decvar maxvalue="100" minvalue="0" varname="SCORE" vartype="Decimal"/>
          </outcomes>
          <respcondition continue="No">
            <conditionvar>
              <varequal respident="response1">b</varequal>
            </conditionvar>
            <setvar action="Set" varname="SCORE">100</setvar>
          </respcondition>
        </resprocessing>
      </item>

      <!-- Question 5: str() function -->
      <item ident="q5" title="Question 5">
        <itemmetadata>
          <qtimetadata>
            <qtimetadatafield>
              <fieldlabel>question_type</fieldlabel>
              <fieldentry>multiple_choice_question</fieldentry>
            </qtimetadatafield>
            <qtimetadatafield>
              <fieldlabel>points_possible</fieldlabel>
              <fieldentry>10</fieldentry>
            </qtimetadatafield>
          </qtimetadata>
        </itemmetadata>
        <presentation>
          <material>
            <mattext texttype="text/html">&lt;p&gt;What does the &lt;code&gt;str()&lt;/code&gt; function do?&lt;/p&gt;</mattext>
          </material>
          <response_lid ident="response1" rcardinality="Single">
            <render_choice>
              <response_label ident="a">
                <material>
                  <mattext texttype="text/plain">Converts a value to text/string format</mattext>
                </material>
              </response_label>
              <response_label ident="b">
                <material>
                  <mattext texttype="text/plain">Converts a value to a number</mattext>
                </material>
              </response_label>
              <response_label ident="c">
                <material>
                  <mattext texttype="text/plain">Removes spaces from text</mattext>
                </material>
              </response_label>
              <response_label ident="d">
                <material>
                  <mattext texttype="text/plain">Makes text shorter</mattext>
                </material>
              </response_label>
            </render_choice>
          </response_lid>
        </presentation>
        <resprocessing>
          <outcomes>
            <decvar maxvalue="100" minvalue="0" varname="SCORE" vartype="Decimal"/>
          </outcomes>
          <respcondition continue="No">
            <conditionvar>
              <varequal respident="response1">a</varequal>
            </conditionvar>
            <setvar action="Set" varname="SCORE">100</setvar>
          </respcondition>
        </resprocessing>
      </item>

      <!-- Question 6: Type conversion definition -->
      <item ident="q6" title="Question 6">
        <itemmetadata>
          <qtimetadata>
            <qtimetadatafield>
              <fieldlabel>question_type</fieldlabel>
              <fieldentry>multiple_choice_question</fieldentry>
            </qtimetadatafield>
            <qtimetadatafield>
              <fieldlabel>points_possible</fieldlabel>
              <fieldentry>10</fieldentry>
            </qtimetadatafield>
          </qtimetadata>
        </itemmetadata>
        <presentation>
          <material>
            <mattext texttype="text/html">&lt;p&gt;What is type conversion?&lt;/p&gt;</mattext>
          </material>
          <response_lid ident="response1" rcardinality="Single">
            <render_choice>
              <response_label ident="a">
                <material>
                  <mattext texttype="text/plain">Changing data from one type to another (e.g., string to int)</mattext>
                </material>
              </response_label>
              <response_label ident="b">
                <material>
                  <mattext texttype="text/plain">Typing faster on the keyboard</mattext>
                </material>
              </response_label>
              <response_label ident="c">
                <material>
                  <mattext texttype="text/plain">Converting uppercase to lowercase</mattext>
                </material>
              </response_label>
              <response_label ident="d">
                <material>
                  <mattext texttype="text/plain">Changing variable names</mattext>
                </material>
              </response_label>
            </render_choice>
          </response_lid>
        </presentation>
        <resprocessing>
          <outcomes>
            <decvar maxvalue="100" minvalue="0" varname="SCORE" vartype="Decimal"/>
          </outcomes>
          <respcondition continue="No">
            <conditionvar>
              <varequal respident="response1">a</varequal>
            </conditionvar>
            <setvar action="Set" varname="SCORE">100</setvar>
          </respcondition>
        </resprocessing>
      </item>

      <!-- Question 7: Why does input() return strings? -->
      <item ident="q7" title="Question 7">
        <itemmetadata>
          <qtimetadata>
            <qtimetadatafield>
              <fieldlabel>question_type</fieldlabel>
              <fieldentry>multiple_choice_question</fieldentry>
            </qtimetadatafield>
            <qtimetadatafield>
              <fieldlabel>points_possible</fieldlabel>
              <fieldentry>10</fieldentry>
            </qtimetadatafield>
          </qtimetadata>
        </itemmetadata>
        <presentation>
          <material>
            <mattext texttype="text/html">&lt;p&gt;Why does &lt;code&gt;input()&lt;/code&gt; always return a string, even when you type a number?&lt;/p&gt;</mattext>
          </material>
          <response_lid ident="response1" rcardinality="Single">
            <render_choice>
              <response_label ident="a">
                <material>
                  <mattext texttype="text/plain">Because Python doesn't know what type of data you're entering until you convert it</mattext>
                </material>
              </response_label>
              <response_label ident="b">
                <material>
                  <mattext texttype="text/plain">Because keyboards can only type letters</mattext>
                </material>
              </response_label>
              <response_label ident="c">
                <material>
                  <mattext texttype="text/plain">Because numbers are not allowed in Python</mattext>
                </material>
              </response_label>
              <response_label ident="d">
                <material>
                  <mattext texttype="text/plain">It's a bug in Python</mattext>
                </material>
              </response_label>
            </render_choice>
          </response_lid>
        </presentation>
        <resprocessing>
          <outcomes>
            <decvar maxvalue="100" minvalue="0" varname="SCORE" vartype="Decimal"/>
          </outcomes>
          <respcondition continue="No">
            <conditionvar>
              <varequal respident="response1">a</varequal>
            </conditionvar>
            <setvar action="Set" varname="SCORE">100</setvar>
          </respcondition>
        </resprocessing>
      </item>

      <!-- Question 8: Math operations with strings -->
      <item ident="q8" title="Question 8">
        <itemmetadata>
          <qtimetadata>
            <qtimetadatafield>
              <fieldlabel>question_type</fieldlabel>
              <fieldentry>multiple_choice_question</fieldentry>
            </qtimetadatafield>
            <qtimetadatafield>
              <fieldlabel>points_possible</fieldlabel>
              <fieldentry>10</fieldentry>
            </qtimetadatafield>
          </qtimetadata>
        </itemmetadata>
        <presentation>
          <material>
            <mattext texttype="text/html">&lt;p&gt;Can you do math operations (like addition or subtraction) between strings and numbers without converting them first?&lt;/p&gt;</mattext>
          </material>
          <response_lid ident="response1" rcardinality="Single">
            <render_choice>
              <response_label ident="a">
                <material>
                  <mattext texttype="text/plain">Yes, Python automatically converts them</mattext>
                </material>
              </response_label>
              <response_label ident="b">
                <material>
                  <mattext texttype="text/plain">No, you'll get a TypeError</mattext>
                </material>
              </response_label>
              <response_label ident="c">
                <material>
                  <mattext texttype="text/plain">Only with addition</mattext>
                </material>
              </response_label>
              <response_label ident="d">
                <material>
                  <mattext texttype="text/plain">Only with multiplication</mattext>
                </material>
              </response_label>
            </render_choice>
          </response_lid>
        </presentation>
        <resprocessing>
          <outcomes>
            <decvar maxvalue="100" minvalue="0" varname="SCORE" vartype="Decimal"/>
          </outcomes>
          <respcondition continue="No">
            <conditionvar>
              <varequal respident="response1">b</varequal>
            </conditionvar>
            <setvar action="Set" varname="SCORE">100</setvar>
          </respcondition>
        </resprocessing>
      </item>

      <!-- Question 9: When to use int() vs float() -->
      <item ident="q9" title="Question 9">
        <itemmetadata>
          <qtimetadata>
            <qtimetadatafield>
              <fieldlabel>question_type</fieldlabel>
              <fieldentry>multiple_choice_question</fieldentry>
            </qtimetadatafield>
            <qtimetadatafield>
              <fieldlabel>points_possible</fieldlabel>
              <fieldentry>10</fieldentry>
            </qtimetadatafield>
          </qtimetadata>
        </itemmetadata>
        <presentation>
          <material>
            <mattext texttype="text/html">&lt;p&gt;When should you use &lt;code&gt;int()&lt;/code&gt; instead of &lt;code&gt;float()&lt;/code&gt;?&lt;/p&gt;</mattext>
          </material>
          <response_lid ident="response1" rcardinality="Single">
            <render_choice>
              <response_label ident="a">
                <material>
                  <mattext texttype="text/plain">When you need whole numbers only (like counting years or people)</mattext>
                </material>
              </response_label>
              <response_label ident="b">
                <material>
                  <mattext texttype="text/plain">When you need decimal numbers (like weight or temperature)</mattext>
                </material>
              </response_label>
              <response_label ident="c">
                <material>
                  <mattext texttype="text/plain">When you need text</mattext>
                </material>
              </response_label>
              <response_label ident="d">
                <material>
                  <mattext texttype="text/plain">They do the same thing</mattext>
                </material>
              </response_label>
            </render_choice>
          </response_lid>
        </presentation>
        <resprocessing>
          <outcomes>
            <decvar maxvalue="100" minvalue="0" varname="SCORE" vartype="Decimal"/>
          </outcomes>
          <respcondition continue="No">
            <conditionvar>
              <varequal respident="response1">a</varequal>
            </conditionvar>
            <setvar action="Set" varname="SCORE">100</setvar>
          </respcondition>
        </resprocessing>
      </item>

      <!-- Question 10: Common use case -->
      <item ident="q10" title="Question 10">
        <itemmetadata>
          <qtimetadata>
            <qtimetadatafield>
              <fieldlabel>question_type</fieldlabel>
              <fieldentry>multiple_choice_question</fieldentry>
            </qtimetadatafield>
            <qtimetadatafield>
              <fieldlabel>points_possible</fieldlabel>
              <fieldentry>10</fieldentry>
            </qtimetadatafield>
          </qtimetadata>
        </itemmetadata>
        <presentation>
          <material>
            <mattext texttype="text/html">&lt;p&gt;What's the most common reason you need type conversion in real programs?&lt;/p&gt;</mattext>
          </material>
          <response_lid ident="response1" rcardinality="Single">
            <render_choice>
              <response_label ident="a">
                <material>
                  <mattext texttype="text/plain">To convert user input (which is always a string) into numbers for calculations</mattext>
                </material>
              </response_label>
              <response_label ident="b">
                <material>
                  <mattext texttype="text/plain">To make the code run faster</mattext>
                </material>
              </response_label>
              <response_label ident="c">
                <material>
                  <mattext texttype="text/plain">To make variable names shorter</mattext>
                </material>
              </response_label>
              <response_label ident="d">
                <material>
                  <mattext texttype="text/plain">To print in different colors</mattext>
                </material>
              </response_label>
            </render_choice>
          </response_lid>
        </presentation>
        <resprocessing>
          <outcomes>
            <decvar maxvalue="100" minvalue="0" varname="SCORE" vartype="Decimal"/>
          </outcomes>
          <respcondition continue="No">
            <conditionvar>
              <varequal respident="response1">a</varequal>
            </conditionvar>
            <setvar action="Set" varname="SCORE">100</setvar>
          </respcondition>
        </resprocessing>
      </item>

    </section>
  </assessment>
</questestinterop>
