<?xml version="1.0" encoding="UTF-8"?>
<quiz>
  <question>
    <questiontext>
      <text>What is a Formatted String (f-string)?</text>
    </questiontext>
    <answer fraction="100">
      <text>A string prefixed with f that allows embedding expressions inside curly braces</text>
    </answer>
    <answer fraction="0">
      <text>A string that has been formatted with the format() method</text>
    </answer>
    <answer fraction="0">
      <text>A string that contains only numbers</text>
    </answer>
    <answer fraction="0">
      <text>A string that is aligned to the left or right</text>
    </answer>
  </question>

  <question>
    <questiontext>
      <text>What is String Concatenation?</text>
    </questiontext>
    <answer fraction="100">
      <text>Joining strings together using the + operator</text>
    </answer>
    <answer fraction="0">
      <text>Removing characters from a string</text>
    </answer>
    <answer fraction="0">
      <text>Converting strings to numbers</text>
    </answer>
    <answer fraction="0">
      <text>Splitting a string into multiple parts</text>
    </answer>
  </question>

  <question>
    <questiontext>
      <text>What is a Placeholder in a formatted string?</text>
    </questiontext>
    <answer fraction="100">
      <text>A position in a formatted string marked by {} that gets filled with a value</text>
    </answer>
    <answer fraction="0">
      <text>A variable that has not been assigned a value yet</text>
    </answer>
    <answer fraction="0">
      <text>A comment in the code</text>
    </answer>
    <answer fraction="0">
      <text>An empty string variable</text>
    </answer>
  </question>

  <question>
    <questiontext>
      <text>What is a String Method?</text>
    </questiontext>
    <answer fraction="100">
      <text>A function that belongs to string objects and performs operations on them</text>
    </answer>
    <answer fraction="0">
      <text>A way to create strings using quotes</text>
    </answer>
    <answer fraction="0">
      <text>A variable that stores multiple strings</text>
    </answer>
    <answer fraction="0">
      <text>A type of loop that processes strings</text>
    </answer>
  </question>

  <question>
    <questiontext>
      <text>What does the .upper() method do?</text>
    </questiontext>
    <answer fraction="100">
      <text>Returns a new string with all letters in uppercase</text>
    </answer>
    <answer fraction="0">
      <text>Capitalizes only the first letter</text>
    </answer>
    <answer fraction="0">
      <text>Removes spaces from the string</text>
    </answer>
    <answer fraction="0">
      <text>Converts the string to a number</text>
    </answer>
  </question>

  <question>
    <questiontext>
      <text>What does the .lower() method do?</text>
    </questiontext>
    <answer fraction="100">
      <text>Returns a new string with all letters in lowercase</text>
    </answer>
    <answer fraction="0">
      <text>Removes the last character from the string</text>
    </answer>
    <answer fraction="0">
      <text>Makes the string shorter</text>
    </answer>
    <answer fraction="0">
      <text>Decreases the value of a number stored as a string</text>
    </answer>
  </question>

  <question>
    <questiontext>
      <text>What does the .title() method do?</text>
    </questiontext>
    <answer fraction="100">
      <text>Capitalizes the first letter of each word</text>
    </answer>
    <answer fraction="0">
      <text>Converts all letters to uppercase</text>
    </answer>
    <answer fraction="0">
      <text>Adds a title to the beginning of the string</text>
    </answer>
    <answer fraction="0">
      <text>Returns the length of the string</text>
    </answer>
  </question>

  <question>
    <questiontext>
      <text>What does the .strip() method do?</text>
    </questiontext>
    <answer fraction="100">
      <text>Removes leading and trailing whitespace from a string</text>
    </answer>
    <answer fraction="0">
      <text>Removes all spaces from a string</text>
    </answer>
    <answer fraction="0">
      <text>Removes all vowels from a string</text>
    </answer>
    <answer fraction="0">
      <text>Splits a string into a list</text>
    </answer>
  </question>

  <question>
    <questiontext>
      <text>What does the .find() method return?</text>
    </questiontext>
    <answer fraction="100">
      <text>The index of the first occurrence of a substring (-1 if not found)</text>
    </answer>
    <answer fraction="0">
      <text>True if the substring exists, False otherwise</text>
    </answer>
    <answer fraction="0">
      <text>A list of all occurrences of the substring</text>
    </answer>
    <answer fraction="0">
      <text>The length of the substring</text>
    </answer>
  </question>

  <question>
    <questiontext>
      <text>What does the .replace() method do?</text>
    </questiontext>
    <answer fraction="100">
      <text>Returns a new string with specified text replaced</text>
    </answer>
    <answer fraction="0">
      <text>Modifies the original string permanently</text>
    </answer>
    <answer fraction="0">
      <text>Removes all occurrences of a character</text>
    </answer>
    <answer fraction="0">
      <text>Swaps the position of two characters</text>
    </answer>
  </question>
</quiz>
