<?xml version="1.0" encoding="UTF-8"?>
<quiz title="Lesson 10 - Logical Operators Assignment Quiz">
  <question>
    <questiontext>
      <text>A team needs at least 10 wins AND a winning percentage above 0.500 to make playoffs. Which operator should you use?</text>
    </questiontext>
    <answer fraction="100">
      <text>and (both conditions must be True)</text>
    </answer>
    <answer fraction="0">
      <text>or (at least one condition must be True)</text>
    </answer>
    <answer fraction="0">
      <text>not (inverts the boolean value)</text>
    </answer>
    <answer fraction="0">
      <text>== (checks for equality)</text>
    </answer>
  </question>

  <question>
    <questiontext>
      <text>What will this code output? has_high_score = True; has_assists = False; print(has_high_score and has_assists)</text>
    </questiontext>
    <answer fraction="100">
      <text>False</text>
    </answer>
    <answer fraction="0">
      <text>True</text>
    </answer>
    <answer fraction="0">
      <text>Error</text>
    </answer>
    <answer fraction="0">
      <text>None</text>
    </answer>
  </question>

  <question>
    <questiontext>
      <text>A player makes All-Star if they average 25+ points OR 10+ assists. Which operator?</text>
    </questiontext>
    <answer fraction="100">
      <text>or (at least one condition must be True)</text>
    </answer>
    <answer fraction="0">
      <text>and (both conditions must be True)</text>
    </answer>
    <answer fraction="0">
      <text>not (inverts the boolean value)</text>
    </answer>
    <answer fraction="0">
      <text>!= (checks for inequality)</text>
    </answer>
  </question>

  <question>
    <questiontext>
      <text>What will this code output? points = 22; assists = 11; print(points &gt;= 25 or assists &gt;= 10)</text>
    </questiontext>
    <answer fraction="100">
      <text>True</text>
    </answer>
    <answer fraction="0">
      <text>False</text>
    </answer>
    <answer fraction="0">
      <text>Error</text>
    </answer>
    <answer fraction="0">
      <text>None</text>
    </answer>
  </question>

  <question>
    <questiontext>
      <text>What does this code check? if not is_injured and not is_suspended:</text>
    </questiontext>
    <answer fraction="100">
      <text>Player is NOT injured AND NOT suspended (both must be False)</text>
    </answer>
    <answer fraction="0">
      <text>Player IS injured OR IS suspended</text>
    </answer>
    <answer fraction="0">
      <text>Player is NOT injured OR NOT suspended</text>
    </answer>
    <answer fraction="0">
      <text>Player IS injured AND IS suspended</text>
    </answer>
  </question>

  <question>
    <questiontext>
      <text>What will this code output? is_injured = True; print(not is_injured)</text>
    </questiontext>
    <answer fraction="100">
      <text>False</text>
    </answer>
    <answer fraction="0">
      <text>True</text>
    </answer>
    <answer fraction="0">
      <text>Error</text>
    </answer>
    <answer fraction="0">
      <text>None</text>
    </answer>
  </question>

  <question>
    <questiontext>
      <text>Which expression is True? age = 18; height = 72</text>
    </questiontext>
    <answer fraction="100">
      <text>age &gt;= 16 or height &gt;= 75</text>
    </answer>
    <answer fraction="0">
      <text>age &gt;= 16 and height &gt;= 75</text>
    </answer>
    <answer fraction="0">
      <text>age &gt;= 20 or height &gt;= 75</text>
    </answer>
    <answer fraction="0">
      <text>age &gt;= 20 and height &gt;= 70</text>
    </answer>
  </question>

  <question>
    <questiontext>
      <text>What's wrong with this code? if high_points or many_rebounds and not fouled_out:</text>
    </questiontext>
    <answer fraction="100">
      <text>Missing parentheses - needs (high_points or many_rebounds) and not fouled_out</text>
    </answer>
    <answer fraction="0">
      <text>Should use 'and' instead of 'or'</text>
    </answer>
    <answer fraction="0">
      <text>The 'not' operator is in the wrong place</text>
    </answer>
    <answer fraction="0">
      <text>Nothing is wrong with the code</text>
    </answer>
  </question>

  <question>
    <questiontext>
      <text>In operator precedence, which is evaluated first?</text>
    </questiontext>
    <answer fraction="100">
      <text>not, then and, then or</text>
    </answer>
    <answer fraction="0">
      <text>or, then and, then not</text>
    </answer>
    <answer fraction="0">
      <text>and, then or, then not</text>
    </answer>
    <answer fraction="0">
      <text>All are evaluated at the same time</text>
    </answer>
  </question>

  <question>
    <questiontext>
      <text>What is short-circuit evaluation? (True or ___) - what happens to the blank?</text>
    </questiontext>
    <answer fraction="100">
      <text>Python doesn't evaluate it because True or anything is always True</text>
    </answer>
    <answer fraction="0">
      <text>Python evaluates everything regardless</text>
    </answer>
    <answer fraction="0">
      <text>Python throws an error</text>
    </answer>
    <answer fraction="0">
      <text>Python returns False</text>
    </answer>
  </question>
</quiz>
