<?xml version="1.0" encoding="UTF-8"?>
<questestinterop xmlns="http://www.imsglobal.org/xsd/ims_qtiasiv1p2" xmlns:xsi="http://www.w3.org/2001/XMLSchema-instance" xsi:schemaLocation="http://www.imsglobal.org/xsd/ims_qtiasiv1p2 http://www.imsglobal.org/xsd/ims_qtiasiv1p2p1.xsd">
  <assessment ident="lesson_10_assignment_quiz" title="Lesson 10: Logical_Operators - Assignment Quiz">
    <qtimetadata>
      <qtimetadatafield>
        <fieldlabel>cc_maxattempts</fieldlabel>
        <fieldentry>3</fieldentry>
      </qtimetadatafield>
      <qtimetadatafield>
        <fieldlabel>cc_weighting</fieldlabel>
        <fieldentry>not_weighted</fieldentry>
      </qtimetadatafield>
      <qtimetadatafield>
        <fieldlabel>qmd_timelimit</fieldlabel>
        <fieldentry>900</fieldentry>
      </qtimetadatafield>
    </qtimetadata>
    <section ident="root_section">

      <!-- Question 1 -->
      <item ident="q1" title="Question 1">
        <itemmetadata>
          <qtimetadata>
            <qtimetadatafield>
              <fieldlabel>question_type</fieldlabel>
              <fieldentry>multiple_choice_question</fieldentry>
            </qtimetadatafield>
            <qtimetadatafield>
              <fieldlabel>points_possible</fieldlabel>
              <fieldentry>10</fieldentry>
            </qtimetadatafield>
          </qtimetadata>
        </itemmetadata>
        <presentation>
          <material>
            <mattext texttype="text/html">&lt;p&gt;A team needs at least 10 wins AND a winning percentage above 0.500 to make playoffs. Which operator should you use?&lt;/p&gt;</mattext>
          </material>
          <response_lid ident="response1" rcardinality="Single">
            <render_choice>
              <response_label ident="a">
                <material>
                  <mattext texttype="text/plain">and (both conditions must be True)</mattext>
                </material>
              </response_label>
              <response_label ident="b">
                <material>
                  <mattext texttype="text/plain">or (at least one condition must be True)</mattext>
                </material>
              </response_label>
              <response_label ident="c">
                <material>
                  <mattext texttype="text/plain">not (inverts the boolean value)</mattext>
                </material>
              </response_label>
              <response_label ident="d">
                <material>
                  <mattext texttype="text/plain">== (checks for equality)</mattext>
                </material>
              </response_label>
            </render_choice>
          </response_lid>
        </presentation>
        <resprocessing>
          <outcomes>
            <decvar maxvalue="100" minvalue="0" varname="SCORE" vartype="Decimal"/>
          </outcomes>
          <respcondition continue="No">
            <conditionvar>
              <varequal respident="response1">a</varequal>
            </conditionvar>
            <setvar action="Set" varname="SCORE">100</setvar>
          </respcondition>
        </resprocessing>
      </item>

      <!-- Question 2 -->
      <item ident="q2" title="Question 2">
        <itemmetadata>
          <qtimetadata>
            <qtimetadatafield>
              <fieldlabel>question_type</fieldlabel>
              <fieldentry>multiple_choice_question</fieldentry>
            </qtimetadatafield>
            <qtimetadatafield>
              <fieldlabel>points_possible</fieldlabel>
              <fieldentry>10</fieldentry>
            </qtimetadatafield>
          </qtimetadata>
        </itemmetadata>
        <presentation>
          <material>
            <mattext texttype="text/html">&lt;p&gt;What will this code output? has_high_score = True; has_assists = False; print(has_high_score and has_assists)&lt;/p&gt;</mattext>
          </material>
          <response_lid ident="response1" rcardinality="Single">
            <render_choice>
              <response_label ident="a">
                <material>
                  <mattext texttype="text/plain">False</mattext>
                </material>
              </response_label>
              <response_label ident="b">
                <material>
                  <mattext texttype="text/plain">True</mattext>
                </material>
              </response_label>
              <response_label ident="c">
                <material>
                  <mattext texttype="text/plain">Error</mattext>
                </material>
              </response_label>
              <response_label ident="d">
                <material>
                  <mattext texttype="text/plain">None</mattext>
                </material>
              </response_label>
            </render_choice>
          </response_lid>
        </presentation>
        <resprocessing>
          <outcomes>
            <decvar maxvalue="100" minvalue="0" varname="SCORE" vartype="Decimal"/>
          </outcomes>
          <respcondition continue="No">
            <conditionvar>
              <varequal respident="response1">a</varequal>
            </conditionvar>
            <setvar action="Set" varname="SCORE">100</setvar>
          </respcondition>
        </resprocessing>
      </item>

      <!-- Question 3 -->
      <item ident="q3" title="Question 3">
        <itemmetadata>
          <qtimetadata>
            <qtimetadatafield>
              <fieldlabel>question_type</fieldlabel>
              <fieldentry>multiple_choice_question</fieldentry>
            </qtimetadatafield>
            <qtimetadatafield>
              <fieldlabel>points_possible</fieldlabel>
              <fieldentry>10</fieldentry>
            </qtimetadatafield>
          </qtimetadata>
        </itemmetadata>
        <presentation>
          <material>
            <mattext texttype="text/html">&lt;p&gt;A player makes All-Star if they average 25+ points OR 10+ assists. Which operator?&lt;/p&gt;</mattext>
          </material>
          <response_lid ident="response1" rcardinality="Single">
            <render_choice>
              <response_label ident="a">
                <material>
                  <mattext texttype="text/plain">or (at least one condition must be True)</mattext>
                </material>
              </response_label>
              <response_label ident="b">
                <material>
                  <mattext texttype="text/plain">and (both conditions must be True)</mattext>
                </material>
              </response_label>
              <response_label ident="c">
                <material>
                  <mattext texttype="text/plain">not (inverts the boolean value)</mattext>
                </material>
              </response_label>
              <response_label ident="d">
                <material>
                  <mattext texttype="text/plain">!= (checks for inequality)</mattext>
                </material>
              </response_label>
            </render_choice>
          </response_lid>
        </presentation>
        <resprocessing>
          <outcomes>
            <decvar maxvalue="100" minvalue="0" varname="SCORE" vartype="Decimal"/>
          </outcomes>
          <respcondition continue="No">
            <conditionvar>
              <varequal respident="response1">a</varequal>
            </conditionvar>
            <setvar action="Set" varname="SCORE">100</setvar>
          </respcondition>
        </resprocessing>
      </item>

      <!-- Question 4 -->
      <item ident="q4" title="Question 4">
        <itemmetadata>
          <qtimetadata>
            <qtimetadatafield>
              <fieldlabel>question_type</fieldlabel>
              <fieldentry>multiple_choice_question</fieldentry>
            </qtimetadatafield>
            <qtimetadatafield>
              <fieldlabel>points_possible</fieldlabel>
              <fieldentry>10</fieldentry>
            </qtimetadatafield>
          </qtimetadata>
        </itemmetadata>
        <presentation>
          <material>
            <mattext texttype="text/html">&lt;p&gt;What will this code output? points = 22; assists = 11; print(points >= 25 or assists >= 10)&lt;/p&gt;</mattext>
          </material>
          <response_lid ident="response1" rcardinality="Single">
            <render_choice>
              <response_label ident="a">
                <material>
                  <mattext texttype="text/plain">True</mattext>
                </material>
              </response_label>
              <response_label ident="b">
                <material>
                  <mattext texttype="text/plain">False</mattext>
                </material>
              </response_label>
              <response_label ident="c">
                <material>
                  <mattext texttype="text/plain">Error</mattext>
                </material>
              </response_label>
              <response_label ident="d">
                <material>
                  <mattext texttype="text/plain">None</mattext>
                </material>
              </response_label>
            </render_choice>
          </response_lid>
        </presentation>
        <resprocessing>
          <outcomes>
            <decvar maxvalue="100" minvalue="0" varname="SCORE" vartype="Decimal"/>
          </outcomes>
          <respcondition continue="No">
            <conditionvar>
              <varequal respident="response1">a</varequal>
            </conditionvar>
            <setvar action="Set" varname="SCORE">100</setvar>
          </respcondition>
        </resprocessing>
      </item>

      <!-- Question 5 -->
      <item ident="q5" title="Question 5">
        <itemmetadata>
          <qtimetadata>
            <qtimetadatafield>
              <fieldlabel>question_type</fieldlabel>
              <fieldentry>multiple_choice_question</fieldentry>
            </qtimetadatafield>
            <qtimetadatafield>
              <fieldlabel>points_possible</fieldlabel>
              <fieldentry>10</fieldentry>
            </qtimetadatafield>
          </qtimetadata>
        </itemmetadata>
        <presentation>
          <material>
            <mattext texttype="text/html">&lt;p&gt;What does this code check? if not is_injured and not is_suspended:&lt;/p&gt;</mattext>
          </material>
          <response_lid ident="response1" rcardinality="Single">
            <render_choice>
              <response_label ident="a">
                <material>
                  <mattext texttype="text/plain">Player is NOT injured AND NOT suspended (both must be False)</mattext>
                </material>
              </response_label>
              <response_label ident="b">
                <material>
                  <mattext texttype="text/plain">Player IS injured OR IS suspended</mattext>
                </material>
              </response_label>
              <response_label ident="c">
                <material>
                  <mattext texttype="text/plain">Player is NOT injured OR NOT suspended</mattext>
                </material>
              </response_label>
              <response_label ident="d">
                <material>
                  <mattext texttype="text/plain">Player IS injured AND IS suspended</mattext>
                </material>
              </response_label>
            </render_choice>
          </response_lid>
        </presentation>
        <resprocessing>
          <outcomes>
            <decvar maxvalue="100" minvalue="0" varname="SCORE" vartype="Decimal"/>
          </outcomes>
          <respcondition continue="No">
            <conditionvar>
              <varequal respident="response1">a</varequal>
            </conditionvar>
            <setvar action="Set" varname="SCORE">100</setvar>
          </respcondition>
        </resprocessing>
      </item>

      <!-- Question 6 -->
      <item ident="q6" title="Question 6">
        <itemmetadata>
          <qtimetadata>
            <qtimetadatafield>
              <fieldlabel>question_type</fieldlabel>
              <fieldentry>multiple_choice_question</fieldentry>
            </qtimetadatafield>
            <qtimetadatafield>
              <fieldlabel>points_possible</fieldlabel>
              <fieldentry>10</fieldentry>
            </qtimetadatafield>
          </qtimetadata>
        </itemmetadata>
        <presentation>
          <material>
            <mattext texttype="text/html">&lt;p&gt;What will this code output? is_injured = True; print(not is_injured)&lt;/p&gt;</mattext>
          </material>
          <response_lid ident="response1" rcardinality="Single">
            <render_choice>
              <response_label ident="a">
                <material>
                  <mattext texttype="text/plain">False</mattext>
                </material>
              </response_label>
              <response_label ident="b">
                <material>
                  <mattext texttype="text/plain">True</mattext>
                </material>
              </response_label>
              <response_label ident="c">
                <material>
                  <mattext texttype="text/plain">Error</mattext>
                </material>
              </response_label>
              <response_label ident="d">
                <material>
                  <mattext texttype="text/plain">None</mattext>
                </material>
              </response_label>
            </render_choice>
          </response_lid>
        </presentation>
        <resprocessing>
          <outcomes>
            <decvar maxvalue="100" minvalue="0" varname="SCORE" vartype="Decimal"/>
          </outcomes>
          <respcondition continue="No">
            <conditionvar>
              <varequal respident="response1">a</varequal>
            </conditionvar>
            <setvar action="Set" varname="SCORE">100</setvar>
          </respcondition>
        </resprocessing>
      </item>

      <!-- Question 7 -->
      <item ident="q7" title="Question 7">
        <itemmetadata>
          <qtimetadata>
            <qtimetadatafield>
              <fieldlabel>question_type</fieldlabel>
              <fieldentry>multiple_choice_question</fieldentry>
            </qtimetadatafield>
            <qtimetadatafield>
              <fieldlabel>points_possible</fieldlabel>
              <fieldentry>10</fieldentry>
            </qtimetadatafield>
          </qtimetadata>
        </itemmetadata>
        <presentation>
          <material>
            <mattext texttype="text/html">&lt;p&gt;Which expression is True? age = 18; height = 72&lt;/p&gt;</mattext>
          </material>
          <response_lid ident="response1" rcardinality="Single">
            <render_choice>
              <response_label ident="a">
                <material>
                  <mattext texttype="text/plain">age &gt;= 16 or height &gt;= 75</mattext>
                </material>
              </response_label>
              <response_label ident="b">
                <material>
                  <mattext texttype="text/plain">age &gt;= 16 and height &gt;= 75</mattext>
                </material>
              </response_label>
              <response_label ident="c">
                <material>
                  <mattext texttype="text/plain">age &gt;= 20 or height &gt;= 75</mattext>
                </material>
              </response_label>
              <response_label ident="d">
                <material>
                  <mattext texttype="text/plain">age &gt;= 20 and height &gt;= 70</mattext>
                </material>
              </response_label>
            </render_choice>
          </response_lid>
        </presentation>
        <resprocessing>
          <outcomes>
            <decvar maxvalue="100" minvalue="0" varname="SCORE" vartype="Decimal"/>
          </outcomes>
          <respcondition continue="No">
            <conditionvar>
              <varequal respident="response1">a</varequal>
            </conditionvar>
            <setvar action="Set" varname="SCORE">100</setvar>
          </respcondition>
        </resprocessing>
      </item>

      <!-- Question 8 -->
      <item ident="q8" title="Question 8">
        <itemmetadata>
          <qtimetadata>
            <qtimetadatafield>
              <fieldlabel>question_type</fieldlabel>
              <fieldentry>multiple_choice_question</fieldentry>
            </qtimetadatafield>
            <qtimetadatafield>
              <fieldlabel>points_possible</fieldlabel>
              <fieldentry>10</fieldentry>
            </qtimetadatafield>
          </qtimetadata>
        </itemmetadata>
        <presentation>
          <material>
            <mattext texttype="text/html">&lt;p&gt;What&#x27;s wrong with this code? if high_points or many_rebounds and not fouled_out:&lt;/p&gt;</mattext>
          </material>
          <response_lid ident="response1" rcardinality="Single">
            <render_choice>
              <response_label ident="a">
                <material>
                  <mattext texttype="text/plain">Missing parentheses - needs (high_points or many_rebounds) and not fouled_out</mattext>
                </material>
              </response_label>
              <response_label ident="b">
                <material>
                  <mattext texttype="text/plain">Should use &#x27;and&#x27; instead of &#x27;or&#x27;</mattext>
                </material>
              </response_label>
              <response_label ident="c">
                <material>
                  <mattext texttype="text/plain">The &#x27;not&#x27; operator is in the wrong place</mattext>
                </material>
              </response_label>
              <response_label ident="d">
                <material>
                  <mattext texttype="text/plain">Nothing is wrong with the code</mattext>
                </material>
              </response_label>
            </render_choice>
          </response_lid>
        </presentation>
        <resprocessing>
          <outcomes>
            <decvar maxvalue="100" minvalue="0" varname="SCORE" vartype="Decimal"/>
          </outcomes>
          <respcondition continue="No">
            <conditionvar>
              <varequal respident="response1">a</varequal>
            </conditionvar>
            <setvar action="Set" varname="SCORE">100</setvar>
          </respcondition>
        </resprocessing>
      </item>

      <!-- Question 9 -->
      <item ident="q9" title="Question 9">
        <itemmetadata>
          <qtimetadata>
            <qtimetadatafield>
              <fieldlabel>question_type</fieldlabel>
              <fieldentry>multiple_choice_question</fieldentry>
            </qtimetadatafield>
            <qtimetadatafield>
              <fieldlabel>points_possible</fieldlabel>
              <fieldentry>10</fieldentry>
            </qtimetadatafield>
          </qtimetadata>
        </itemmetadata>
        <presentation>
          <material>
            <mattext texttype="text/html">&lt;p&gt;In operator precedence, which is evaluated first?&lt;/p&gt;</mattext>
          </material>
          <response_lid ident="response1" rcardinality="Single">
            <render_choice>
              <response_label ident="a">
                <material>
                  <mattext texttype="text/plain">not, then and, then or</mattext>
                </material>
              </response_label>
              <response_label ident="b">
                <material>
                  <mattext texttype="text/plain">or, then and, then not</mattext>
                </material>
              </response_label>
              <response_label ident="c">
                <material>
                  <mattext texttype="text/plain">and, then or, then not</mattext>
                </material>
              </response_label>
              <response_label ident="d">
                <material>
                  <mattext texttype="text/plain">All are evaluated at the same time</mattext>
                </material>
              </response_label>
            </render_choice>
          </response_lid>
        </presentation>
        <resprocessing>
          <outcomes>
            <decvar maxvalue="100" minvalue="0" varname="SCORE" vartype="Decimal"/>
          </outcomes>
          <respcondition continue="No">
            <conditionvar>
              <varequal respident="response1">a</varequal>
            </conditionvar>
            <setvar action="Set" varname="SCORE">100</setvar>
          </respcondition>
        </resprocessing>
      </item>

      <!-- Question 10 -->
      <item ident="q10" title="Question 10">
        <itemmetadata>
          <qtimetadata>
            <qtimetadatafield>
              <fieldlabel>question_type</fieldlabel>
              <fieldentry>multiple_choice_question</fieldentry>
            </qtimetadatafield>
            <qtimetadatafield>
              <fieldlabel>points_possible</fieldlabel>
              <fieldentry>10</fieldentry>
            </qtimetadatafield>
          </qtimetadata>
        </itemmetadata>
        <presentation>
          <material>
            <mattext texttype="text/html">&lt;p&gt;What is short-circuit evaluation? (True or ___) - what happens to the blank?&lt;/p&gt;</mattext>
          </material>
          <response_lid ident="response1" rcardinality="Single">
            <render_choice>
              <response_label ident="a">
                <material>
                  <mattext texttype="text/plain">Python doesn&#x27;t evaluate it because True or anything is always True</mattext>
                </material>
              </response_label>
              <response_label ident="b">
                <material>
                  <mattext texttype="text/plain">Python evaluates everything regardless</mattext>
                </material>
              </response_label>
              <response_label ident="c">
                <material>
                  <mattext texttype="text/plain">Python throws an error</mattext>
                </material>
              </response_label>
              <response_label ident="d">
                <material>
                  <mattext texttype="text/plain">Python returns False</mattext>
                </material>
              </response_label>
            </render_choice>
          </response_lid>
        </presentation>
        <resprocessing>
          <outcomes>
            <decvar maxvalue="100" minvalue="0" varname="SCORE" vartype="Decimal"/>
          </outcomes>
          <respcondition continue="No">
            <conditionvar>
              <varequal respident="response1">a</varequal>
            </conditionvar>
            <setvar action="Set" varname="SCORE">100</setvar>
          </respcondition>
        </resprocessing>
      </item>

    </section>
  </assessment>
</questestinterop>
